Handle,Title,Body (HTML),Vendor,Product Category,Type,Tags,Published,Option1 Name,Option1 Value,Option2 Name,Option2 Value,Option3 Name,Option3 Value,Variant SKU,Variant Grams,Variant Inventory Tracker,Variant Inventory Qty,Variant Inventory Policy,Variant Fulfillment Service,Variant Price,Variant Compare At Price,Variant Requires Shipping,Variant Taxable,Variant Barcode,Image Src,Image Position,Image Alt Text,Gift Card,SEO Title,SEO Description,Google Shopping / Google Product Category,Google Shopping / Gender,Google Shopping / Age Group,Google Shopping / MPN,Google Shopping / Condition,Google Shopping / Custom Product,Google Shopping / Custom Label 0,Google Shopping / Custom Label 1,Google Shopping / Custom Label 2,Google Shopping / Custom Label 3,Google Shopping / Custom Label 4,Variant Image,Variant Weight Unit,Variant Tax Code,Cost per item,Included / Vietnam,Price / Vietnam,Compare At Price / Vietnam,Included / International,Price / International,Compare At Price / International,Status
freewheeler,Freewheeler,"<p class=""des des_1"" data-mce-fragment=""1""><span data-mce-fragment=""1"">IronCaptivate with this shirt’s versatile urban look that works as well at happy hour as it does in the back yard. The real mother of pearl buttons and embroidered crocodile complete its elegant appeal.Lorem ipsum dolor sit amet, consectetuer adipiscing elit. Aenean commodo ligula eget dolor. Aenean massa. Cum sociis natoque penatibus et magnis dis parturient montes, nascetur ridicu lus mus. Donec quam felis, ultri cies nec, pellentesque eu, pretium quis, sem. Nulla consequat massa quis enim.</span></p>
<p class=""des des_1"" data-mce-fragment=""1""> </p>
<h4 data-mce-fragment=""1"">Sample Ordered Lista</h4>
<ol class=""style_type_2"" data-mce-fragment=""1"">
<li data-mce-fragment=""1"">Comodous in tempor ullamcorper miaculis</li>
<li data-mce-fragment=""1"">Pellentesque vitae neque mollis urna mattis laoreet.</li>
<li data-mce-fragment=""1"">Divamus sit amet purus justo.</li>
<li data-mce-fragment=""1"">Proin molestie egestas orci ac suscipit risus posuere loremous</li>
</ol>
<br data-mce-fragment=""1"">
<h4 data-mce-fragment=""1"">Sample Paragraph Text</h4>
<p class=""des des_2"" data-mce-fragment=""1"">Nullam quis feugiat libero. Phasellus quis molestie massa. Donec in enim sed ex commodo auctor. Nam sagittis volutpat sollicitudin. Fusce sed erat pulvinar nulla aliquet ullamcorper vel et velit. Aliquam a quam ligula. Sed malesuada pulvinar vulputate. Vivamus pharetra metus nulla, a molestie quam luctus eget. Mauris orci risus, consectetur consequat metus quis, mollis eleifend eros.</p>
<p class=""des des_2"" data-mce-fragment=""1"">Sed quis quam sapien. Quisque convallis est enim, et fermentum massa consectetur non. Nam vel ante tempus, venenatis mi eget, tempus libero. In elementum nisi velit, nec mattis eros laoreet quis. Ut purus lacus, ultricies eget elit sed, tincidunt dapibus ligula. Praesent nisl magna, vehicula quis nulla eu, egestas viverra velit. Aliquam sodales, massa eu aliquam porttitor, urna magna venenatis tellus, eget pellentesque sem eros id ex. Cras convallis lacus sit amet nisl porta, sit amet semper lacus sodales.</p>",Vinova MotorGear,,Motorcycle,"Gloves, Goggles, Racing",true,Title,Default Title,,,,,"",0.0,shopify,20,deny,manual,35000.00,40000.00,true,true,"",https://cdn.shopify.com/s/files/1/0674/7173/7051/files/motorcycle-6_1d60c640-3f3c-4e47-9d8e-c2a68c85930b.png?v=1703132774,1,,false,,,,,,,,,,,,,,,kg,,,true,,,true,,,active
freewheeler,,,,,,,,,,,,,,,,,,,,,,,,,https://cdn.shopify.com/s/files/1/0674/7173/7051/files/motorcycle-4_1b2f8322-aa62-4fa7-ae70-1cf861103897.png?v=1703132774,2,,,,,,,,,,,,,,,,,,,,,,,,,,
freewheeler,,,,,,,,,,,,,,,,,,,,,,,,,https://cdn.shopify.com/s/files/1/0674/7173/7051/files/motorcycle-1_8de229f6-939d-4c16-aee5-dd39369c4b1c.png?v=1703132775,3,,,,,,,,,,,,,,,,,,,,,,,,,,
freewheeler,,,,,,,,,,,,,,,,,,,,,,,,,https://cdn.shopify.com/s/files/1/0674/7173/7051/files/motorcycle-2_5b1410cc-7add-4437-b3d9-2a4adcb4a73c.png?v=1703132775,4,,,,,,,,,,,,,,,,,,,,,,,,,,
freewheeler,,,,,,,,,,,,,,,,,,,,,,,,,https://cdn.shopify.com/s/files/1/0674/7173/7051/files/motorcycle-3_99112296-f05b-49ba-af0b-978981874700.png?v=1703132775,5,,,,,,,,,,,,,,,,,,,,,,,,,,
freewheeler,,,,,,,,,,,,,,,,,,,,,,,,,https://cdn.shopify.com/s/files/1/0674/7173/7051/files/motorcycle-5_b73dde18-67da-4e95-9613-6bf6c7465063.png?v=1703132775,6,,,,,,,,,,,,,,,,,,,,,,,,,,
heritage-classic,Heritage Classic,"<p class=""des des_1"" data-mce-fragment=""1""><span data-mce-fragment=""1"">IronCaptivate with this shirt’s versatile urban look that works as well at happy hour as it does in the back yard. The real mother of pearl buttons and embroidered crocodile complete its elegant appeal.Lorem ipsum dolor sit amet, consectetuer adipiscing elit. Aenean commodo ligula eget dolor. Aenean massa. Cum sociis natoque penatibus et magnis dis parturient montes, nascetur ridicu lus mus. Donec quam felis, ultri cies nec, pellentesque eu, pretium quis, sem. Nulla consequat massa quis enim.</span></p>
<p class=""des des_1"" data-mce-fragment=""1""> </p>
<h4 data-mce-fragment=""1"">Sample Ordered Lista</h4>
<ol class=""style_type_2"" data-mce-fragment=""1"">
<li data-mce-fragment=""1"">Comodous in tempor ullamcorper miaculis</li>
<li data-mce-fragment=""1"">Pellentesque vitae neque mollis urna mattis laoreet.</li>
<li data-mce-fragment=""1"">Divamus sit amet purus justo.</li>
<li data-mce-fragment=""1"">Proin molestie egestas orci ac suscipit risus posuere loremous</li>
</ol>
<br data-mce-fragment=""1"">
<h4 data-mce-fragment=""1"">Sample Paragraph Text</h4>
<p class=""des des_2"" data-mce-fragment=""1"">Nullam quis feugiat libero. Phasellus quis molestie massa. Donec in enim sed ex commodo auctor. Nam sagittis volutpat sollicitudin. Fusce sed erat pulvinar nulla aliquet ullamcorper vel et velit. Aliquam a quam ligula. Sed malesuada pulvinar vulputate. Vivamus pharetra metus nulla, a molestie quam luctus eget. Mauris orci risus, consectetur consequat metus quis, mollis eleifend eros.</p>
<p class=""des des_2"" data-mce-fragment=""1"">Sed quis quam sapien. Quisque convallis est enim, et fermentum massa consectetur non. Nam vel ante tempus, venenatis mi eget, tempus libero. In elementum nisi velit, nec mattis eros laoreet quis. Ut purus lacus, ultricies eget elit sed, tincidunt dapibus ligula. Praesent nisl magna, vehicula quis nulla eu, egestas viverra velit. Aliquam sodales, massa eu aliquam porttitor, urna magna venenatis tellus, eget pellentesque sem eros id ex. Cras convallis lacus sit amet nisl porta, sit amet semper lacus sodales.</p>",Vinova MotorGear,,Motorcycle,"Gloves, Helmet, Racing",true,Title,Default Title,,,,,"",0.0,shopify,20,deny,manual,16000.00,18000.00,true,true,"",https://cdn.shopify.com/s/files/1/0674/7173/7051/files/motorcycle-5_df7ef93d-13e7-4e09-9de4-29c1480f8ffd.png?v=1703132669,1,,false,,,,,,,,,,,,,,,kg,,,true,,,true,,,active
heritage-classic,,,,,,,,,,,,,,,,,,,,,,,,,https://cdn.shopify.com/s/files/1/0674/7173/7051/files/motorcycle-3_decd7f0e-065a-4fef-84d0-23120984cf3b.png?v=1703132669,2,,,,,,,,,,,,,,,,,,,,,,,,,,
heritage-classic,,,,,,,,,,,,,,,,,,,,,,,,,https://cdn.shopify.com/s/files/1/0674/7173/7051/files/motorcycle-1_a8982a35-98aa-491b-a259-af035791e661.png?v=1703132670,3,,,,,,,,,,,,,,,,,,,,,,,,,,
heritage-classic,,,,,,,,,,,,,,,,,,,,,,,,,https://cdn.shopify.com/s/files/1/0674/7173/7051/files/motorcycle-4_36091cc4-ef8c-46ef-a6c1-ef3286210f13.png?v=1703132670,4,,,,,,,,,,,,,,,,,,,,,,,,,,
heritage-classic,,,,,,,,,,,,,,,,,,,,,,,,,https://cdn.shopify.com/s/files/1/0674/7173/7051/files/motorcycle-6_e8ad519a-0fb4-4bcc-91db-b27985af012e.png?v=1703132670,5,,,,,,,,,,,,,,,,,,,,,,,,,,
heritage-classic,,,,,,,,,,,,,,,,,,,,,,,,,https://cdn.shopify.com/s/files/1/0674/7173/7051/files/motorcycle-2_f200ac04-5b73-4374-8ca4-31829d442af9.png?v=1703132670,6,,,,,,,,,,,,,,,,,,,,,,,,,,
softail-standard,Softail Standard,"<p class=""des des_1"" data-mce-fragment=""1""><span data-mce-fragment=""1"">IronCaptivate with this shirt’s versatile urban look that works as well at happy hour as it does in the back yard. The real mother of pearl buttons and embroidered crocodile complete its elegant appeal.Lorem ipsum dolor sit amet, consectetuer adipiscing elit. Aenean commodo ligula eget dolor. Aenean massa. Cum sociis natoque penatibus et magnis dis parturient montes, nascetur ridicu lus mus. Donec quam felis, ultri cies nec, pellentesque eu, pretium quis, sem. Nulla consequat massa quis enim.</span></p>
<p class=""des des_1"" data-mce-fragment=""1""> </p>
<h4 data-mce-fragment=""1"">Sample Ordered Lista</h4>
<ol class=""style_type_2"" data-mce-fragment=""1"">
<li data-mce-fragment=""1"">Comodous in tempor ullamcorper miaculis</li>
<li data-mce-fragment=""1"">Pellentesque vitae neque mollis urna mattis laoreet.</li>
<li data-mce-fragment=""1"">Divamus sit amet purus justo.</li>
<li data-mce-fragment=""1"">Proin molestie egestas orci ac suscipit risus posuere loremous</li>
</ol>
<br data-mce-fragment=""1"">
<h4 data-mce-fragment=""1"">Sample Paragraph Text</h4>
<p class=""des des_2"" data-mce-fragment=""1"">Nullam quis feugiat libero. Phasellus quis molestie massa. Donec in enim sed ex commodo auctor. Nam sagittis volutpat sollicitudin. Fusce sed erat pulvinar nulla aliquet ullamcorper vel et velit. Aliquam a quam ligula. Sed malesuada pulvinar vulputate. Vivamus pharetra metus nulla, a molestie quam luctus eget. Mauris orci risus, consectetur consequat metus quis, mollis eleifend eros.</p>
<p class=""des des_2"" data-mce-fragment=""1"">Sed quis quam sapien. Quisque convallis est enim, et fermentum massa consectetur non. Nam vel ante tempus, venenatis mi eget, tempus libero. In elementum nisi velit, nec mattis eros laoreet quis. Ut purus lacus, ultricies eget elit sed, tincidunt dapibus ligula. Praesent nisl magna, vehicula quis nulla eu, egestas viverra velit. Aliquam sodales, massa eu aliquam porttitor, urna magna venenatis tellus, eget pellentesque sem eros id ex. Cras convallis lacus sit amet nisl porta, sit amet semper lacus sodales.</p>",Vinova MotorGear,,Motorcycle,"Gloves, Helmet, Racing",true,Title,Default Title,,,,,"",0.0,shopify,20,deny,manual,27000.00,30000.00,true,true,"",https://cdn.shopify.com/s/files/1/0674/7173/7051/files/motorcycle-4_60f7e4fa-1e12-44cb-8029-f005d0dfa125.png?v=1703132564,1,,false,,,,,,,,,,,,,,,kg,,,true,,,true,,,active
softail-standard,,,,,,,,,,,,,,,,,,,,,,,,,https://cdn.shopify.com/s/files/1/0674/7173/7051/files/motorcycle-1_dc636d78-a772-4768-8def-9a8b33e2786e.png?v=1703132564,2,,,,,,,,,,,,,,,,,,,,,,,,,,
softail-standard,,,,,,,,,,,,,,,,,,,,,,,,,https://cdn.shopify.com/s/files/1/0674/7173/7051/files/motorcycle-2_49e630cc-7d06-4198-ae85-728f18ff47b5.png?v=1703132564,3,,,,,,,,,,,,,,,,,,,,,,,,,,
softail-standard,,,,,,,,,,,,,,,,,,,,,,,,,https://cdn.shopify.com/s/files/1/0674/7173/7051/files/motorcycle-3_43bf49b2-5278-4249-a0de-4792954e095f.png?v=1703132564,4,,,,,,,,,,,,,,,,,,,,,,,,,,
softail-standard,,,,,,,,,,,,,,,,,,,,,,,,,https://cdn.shopify.com/s/files/1/0674/7173/7051/files/motorcycle-5_f6abf87f-4b2d-4f96-a07e-a118d6aad8c1.png?v=1703132564,5,,,,,,,,,,,,,,,,,,,,,,,,,,
softail-standard,,,,,,,,,,,,,,,,,,,,,,,,,https://cdn.shopify.com/s/files/1/0674/7173/7051/files/motorcycle-6_62235a68-82ae-49b9-b830-783b375d6226.png?v=1703132564,6,,,,,,,,,,,,,,,,,,,,,,,,,,
ducati-panigale-blue-new-100,Ducati Panigale Blue New 100%,"<p class=""des des_1"" data-mce-fragment=""1""><span data-mce-fragment=""1"">IronCaptivate with this shirt’s versatile urban look that works as well at happy hour as it does in the back yard. The real mother of pearl buttons and embroidered crocodile complete its elegant appeal.Lorem ipsum dolor sit amet, consectetuer adipiscing elit. Aenean commodo ligula eget dolor. Aenean massa. Cum sociis natoque penatibus et magnis dis parturient montes, nascetur ridicu lus mus. Donec quam felis, ultri cies nec, pellentesque eu, pretium quis, sem. Nulla consequat massa quis enim.</span></p>
<p class=""des des_1"" data-mce-fragment=""1""> </p>
<h4 data-mce-fragment=""1"">Sample Ordered Lista</h4>
<ol class=""style_type_2"" data-mce-fragment=""1"">
<li data-mce-fragment=""1"">Comodous in tempor ullamcorper miaculis</li>
<li data-mce-fragment=""1"">Pellentesque vitae neque mollis urna mattis laoreet.</li>
<li data-mce-fragment=""1"">Divamus sit amet purus justo.</li>
<li data-mce-fragment=""1"">Proin molestie egestas orci ac suscipit risus posuere loremous</li>
</ol>
<br data-mce-fragment=""1"">
<h4 data-mce-fragment=""1"">Sample Paragraph Text</h4>
<p class=""des des_2"" data-mce-fragment=""1"">Nullam quis feugiat libero. Phasellus quis molestie massa. Donec in enim sed ex commodo auctor. Nam sagittis volutpat sollicitudin. Fusce sed erat pulvinar nulla aliquet ullamcorper vel et velit. Aliquam a quam ligula. Sed malesuada pulvinar vulputate. Vivamus pharetra metus nulla, a molestie quam luctus eget. Mauris orci risus, consectetur consequat metus quis, mollis eleifend eros.</p>
<p class=""des des_2"" data-mce-fragment=""1"">Sed quis quam sapien. Quisque convallis est enim, et fermentum massa consectetur non. Nam vel ante tempus, venenatis mi eget, tempus libero. In elementum nisi velit, nec mattis eros laoreet quis. Ut purus lacus, ultricies eget elit sed, tincidunt dapibus ligula. Praesent nisl magna, vehicula quis nulla eu, egestas viverra velit. Aliquam sodales, massa eu aliquam porttitor, urna magna venenatis tellus, eget pellentesque sem eros id ex. Cras convallis lacus sit amet nisl porta, sit amet semper lacus sodales.</p>",Vinova MotorGear,,Motorcycle,"Gloves, Helmet, Racing",true,Title,Default Title,,,,,"",0.0,shopify,10,deny,manual,34000.00,38000.00,true,true,"",https://cdn.shopify.com/s/files/1/0674/7173/7051/files/motorcycle-1_6816a04f-9355-45a3-8ac2-50eb817e30c1.png?v=1703132213,1,,false,,,,,,,,,,,,,,,kg,,,true,,,true,,,active
ducati-panigale-blue-new-100,,,,,,,,,,,,,,,,,,,,,,,,,https://cdn.shopify.com/s/files/1/0674/7173/7051/files/motorcycle-5_89030b6c-6b02-4d3c-964b-b9c92ca96df7.png?v=1703132213,2,,,,,,,,,,,,,,,,,,,,,,,,,,
ducati-panigale-blue-new-100,,,,,,,,,,,,,,,,,,,,,,,,,https://cdn.shopify.com/s/files/1/0674/7173/7051/files/motorcycle-3_e98c84f0-0ce7-4e9d-b3d0-100ff63c3337.png?v=1703132213,3,,,,,,,,,,,,,,,,,,,,,,,,,,
ducati-panigale-blue-new-100,,,,,,,,,,,,,,,,,,,,,,,,,https://cdn.shopify.com/s/files/1/0674/7173/7051/files/motorcycle-4_17bbebbd-a002-4ee7-a0cd-e7e75e2695f6.png?v=1703132213,4,,,,,,,,,,,,,,,,,,,,,,,,,,
ducati-panigale-blue-new-100,,,,,,,,,,,,,,,,,,,,,,,,,https://cdn.shopify.com/s/files/1/0674/7173/7051/files/motorcycle-2_b2ea1eb2-14d3-431e-950f-7c33532d6a93.png?v=1703132213,5,,,,,,,,,,,,,,,,,,,,,,,,,,
ducati-panigale-blue-new-100,,,,,,,,,,,,,,,,,,,,,,,,,https://cdn.shopify.com/s/files/1/0674/7173/7051/files/motorcycle-6_edcee1dc-49a0-4ff9-babf-f456a5a70d18.png?v=1703132213,6,,,,,,,,,,,,,,,,,,,,,,,,,,
yard-built-yamaha-xsr700,Yard Built Yamaha XSR700,"<p class=""des des_1"" data-mce-fragment=""1""><span data-mce-fragment=""1"">IronCaptivate with this shirt’s versatile urban look that works as well at happy hour as it does in the back yard. The real mother of pearl buttons and embroidered crocodile complete its elegant appeal.Lorem ipsum dolor sit amet, consectetuer adipiscing elit. Aenean commodo ligula eget dolor. Aenean massa. Cum sociis natoque penatibus et magnis dis parturient montes, nascetur ridicu lus mus. Donec quam felis, ultri cies nec, pellentesque eu, pretium quis, sem. Nulla consequat massa quis enim.</span></p>
<p class=""des des_1"" data-mce-fragment=""1""> </p>
<h4 data-mce-fragment=""1"">Sample Ordered Lista</h4>
<ol class=""style_type_2"" data-mce-fragment=""1"">
<li data-mce-fragment=""1"">Comodous in tempor ullamcorper miaculis</li>
<li data-mce-fragment=""1"">Pellentesque vitae neque mollis urna mattis laoreet.</li>
<li data-mce-fragment=""1"">Divamus sit amet purus justo.</li>
<li data-mce-fragment=""1"">Proin molestie egestas orci ac suscipit risus posuere loremous</li>
</ol>
<br data-mce-fragment=""1"">
<h4 data-mce-fragment=""1"">Sample Paragraph Text</h4>
<p class=""des des_2"" data-mce-fragment=""1"">Nullam quis feugiat libero. Phasellus quis molestie massa. Donec in enim sed ex commodo auctor. Nam sagittis volutpat sollicitudin. Fusce sed erat pulvinar nulla aliquet ullamcorper vel et velit. Aliquam a quam ligula. Sed malesuada pulvinar vulputate. Vivamus pharetra metus nulla, a molestie quam luctus eget. Mauris orci risus, consectetur consequat metus quis, mollis eleifend eros.</p>
<p class=""des des_2"" data-mce-fragment=""1"">Sed quis quam sapien. Quisque convallis est enim, et fermentum massa consectetur non. Nam vel ante tempus, venenatis mi eget, tempus libero. In elementum nisi velit, nec mattis eros laoreet quis. Ut purus lacus, ultricies eget elit sed, tincidunt dapibus ligula. Praesent nisl magna, vehicula quis nulla eu, egestas viverra velit. Aliquam sodales, massa eu aliquam porttitor, urna magna venenatis tellus, eget pellentesque sem eros id ex. Cras convallis lacus sit amet nisl porta, sit amet semper lacus sodales.</p>",Vinova MotorGear,,Motorcycle,"Goggles, Helmet, Racing",true,Title,Default Title,,,,,"",0.0,shopify,10,deny,manual,127000.00,134000.00,true,true,"",https://cdn.shopify.com/s/files/1/0674/7173/7051/files/motorcycle-2_d60aeec0-f680-4f91-a70d-1c79c4a69610.png?v=1703132004,1,,false,,,,,,,,,,,,,,,kg,,,true,,,true,,,active
yard-built-yamaha-xsr700,,,,,,,,,,,,,,,,,,,,,,,,,https://cdn.shopify.com/s/files/1/0674/7173/7051/files/motorcycle-5_8af63c1e-b7aa-4d54-b4b1-370c0d54cd32.png?v=1703132007,2,,,,,,,,,,,,,,,,,,,,,,,,,,
yard-built-yamaha-xsr700,,,,,,,,,,,,,,,,,,,,,,,,,https://cdn.shopify.com/s/files/1/0674/7173/7051/files/motorcycle-1_bba02125-0a52-4e76-a2b5-66d3e19618b3.png?v=1703132014,3,,,,,,,,,,,,,,,,,,,,,,,,,,
yard-built-yamaha-xsr700,,,,,,,,,,,,,,,,,,,,,,,,,https://cdn.shopify.com/s/files/1/0674/7173/7051/files/motorcycle-4_9ab5faa1-8b06-4985-b711-c69f4d456ddb.png?v=1703132014,4,,,,,,,,,,,,,,,,,,,,,,,,,,
yard-built-yamaha-xsr700,,,,,,,,,,,,,,,,,,,,,,,,,https://cdn.shopify.com/s/files/1/0674/7173/7051/files/motorcycle-6_90ae6822-94d3-471b-86b1-0dce8a678954.png?v=1703132014,5,,,,,,,,,,,,,,,,,,,,,,,,,,
yard-built-yamaha-xsr700,,,,,,,,,,,,,,,,,,,,,,,,,https://cdn.shopify.com/s/files/1/0674/7173/7051/files/motorcycle-3_f81b96bc-24a0-4b19-b1b6-63a366dd95d3.png?v=1703132033,6,,,,,,,,,,,,,,,,,,,,,,,,,,
riding-the-new-harley-davidson-sportster-s,Riding the new Harley-Davidson Sportster S,"<p class=""des des_1"" data-mce-fragment=""1""><span data-mce-fragment=""1"">IronCaptivate with this shirt’s versatile urban look that works as well at happy hour as it does in the back yard. The real mother of pearl buttons and embroidered crocodile complete its elegant appeal.Lorem ipsum dolor sit amet, consectetuer adipiscing elit. Aenean commodo ligula eget dolor. Aenean massa. Cum sociis natoque penatibus et magnis dis parturient montes, nascetur ridicu lus mus. Donec quam felis, ultri cies nec, pellentesque eu, pretium quis, sem. Nulla consequat massa quis enim.</span></p>
<p class=""des des_1"" data-mce-fragment=""1""> </p>
<h4 data-mce-fragment=""1"">Sample Ordered Lista</h4>
<ol class=""style_type_2"" data-mce-fragment=""1"">
<li data-mce-fragment=""1"">Comodous in tempor ullamcorper miaculis</li>
<li data-mce-fragment=""1"">Pellentesque vitae neque mollis urna mattis laoreet.</li>
<li data-mce-fragment=""1"">Divamus sit amet purus justo.</li>
<li data-mce-fragment=""1"">Proin molestie egestas orci ac suscipit risus posuere loremous</li>
</ol>
<br data-mce-fragment=""1"">
<h4 data-mce-fragment=""1"">Sample Paragraph Text</h4>
<p class=""des des_2"" data-mce-fragment=""1"">Nullam quis feugiat libero. Phasellus quis molestie massa. Donec in enim sed ex commodo auctor. Nam sagittis volutpat sollicitudin. Fusce sed erat pulvinar nulla aliquet ullamcorper vel et velit. Aliquam a quam ligula. Sed malesuada pulvinar vulputate. Vivamus pharetra metus nulla, a molestie quam luctus eget. Mauris orci risus, consectetur consequat metus quis, mollis eleifend eros.</p>
<p class=""des des_2"" data-mce-fragment=""1"">Sed quis quam sapien. Quisque convallis est enim, et fermentum massa consectetur non. Nam vel ante tempus, venenatis mi eget, tempus libero. In elementum nisi velit, nec mattis eros laoreet quis. Ut purus lacus, ultricies eget elit sed, tincidunt dapibus ligula. Praesent nisl magna, vehicula quis nulla eu, egestas viverra velit. Aliquam sodales, massa eu aliquam porttitor, urna magna venenatis tellus, eget pellentesque sem eros id ex. Cras convallis lacus sit amet nisl porta, sit amet semper lacus sodales.</p>",Vinova MotorGear,,Motorcycle,"Gloves, Goggles, Helmet, Racing",true,Title,Default Title,,,,,"",0.0,shopify,5,deny,manual,15000.00,20000.00,true,true,"",https://cdn.shopify.com/s/files/1/0674/7173/7051/files/motorcycle-1.png?v=1703131846,1,,false,,,,,,,,,,,,,,,kg,,,true,,,true,,,active
riding-the-new-harley-davidson-sportster-s,,,,,,,,,,,,,,,,,,,,,,,,,https://cdn.shopify.com/s/files/1/0674/7173/7051/files/motorcycle-6.png?v=1703131852,2,,,,,,,,,,,,,,,,,,,,,,,,,,
riding-the-new-harley-davidson-sportster-s,,,,,,,,,,,,,,,,,,,,,,,,,https://cdn.shopify.com/s/files/1/0674/7173/7051/files/motorcycle-2.png?v=1703131858,3,,,,,,,,,,,,,,,,,,,,,,,,,,
riding-the-new-harley-davidson-sportster-s,,,,,,,,,,,,,,,,,,,,,,,,,https://cdn.shopify.com/s/files/1/0674/7173/7051/files/motorcycle-3.png?v=1703131858,4,,,,,,,,,,,,,,,,,,,,,,,,,,
riding-the-new-harley-davidson-sportster-s,,,,,,,,,,,,,,,,,,,,,,,,,https://cdn.shopify.com/s/files/1/0674/7173/7051/files/motorcycle-4.png?v=1703131858,5,,,,,,,,,,,,,,,,,,,,,,,,,,
riding-the-new-harley-davidson-sportster-s,,,,,,,,,,,,,,,,,,,,,,,,,https://cdn.shopify.com/s/files/1/0674/7173/7051/files/motorcycle-5.png?v=1703131858,6,,,,,,,,,,,,,,,,,,,,,,,,,,
spy-breakaway-goggles,Spy Breakaway Goggles,"<p class=""des des_1"" data-mce-fragment=""1""><span data-mce-fragment=""1"">IronCaptivate with this shirt’s versatile urban look that works as well at happy hour as it does in the back yard. The real mother of pearl buttons and embroidered crocodile complete its elegant appeal.Lorem ipsum dolor sit amet, consectetuer adipiscing elit. Aenean commodo ligula eget dolor. Aenean massa. Cum sociis natoque penatibus et magnis dis parturient montes, nascetur ridicu lus mus. Donec quam felis, ultri cies nec, pellentesque eu, pretium quis, sem. Nulla consequat massa quis enim.</span></p>
<p class=""des des_1"" data-mce-fragment=""1""> </p>
<h4 data-mce-fragment=""1"">Sample Ordered Lista</h4>
<ol class=""style_type_2"" data-mce-fragment=""1"">
<li data-mce-fragment=""1"">Comodous in tempor ullamcorper miaculis</li>
<li data-mce-fragment=""1"">Pellentesque vitae neque mollis urna mattis laoreet.</li>
<li data-mce-fragment=""1"">Divamus sit amet purus justo.</li>
<li data-mce-fragment=""1"">Proin molestie egestas orci ac suscipit risus posuere loremous</li>
</ol>
<br data-mce-fragment=""1"">
<h4 data-mce-fragment=""1"">Sample Paragraph Text</h4>
<p class=""des des_2"" data-mce-fragment=""1"">Nullam quis feugiat libero. Phasellus quis molestie massa. Donec in enim sed ex commodo auctor. Nam sagittis volutpat sollicitudin. Fusce sed erat pulvinar nulla aliquet ullamcorper vel et velit. Aliquam a quam ligula. Sed malesuada pulvinar vulputate. Vivamus pharetra metus nulla, a molestie quam luctus eget. Mauris orci risus, consectetur consequat metus quis, mollis eleifend eros.</p>
<p class=""des des_2"" data-mce-fragment=""1"">Sed quis quam sapien. Quisque convallis est enim, et fermentum massa consectetur non. Nam vel ante tempus, venenatis mi eget, tempus libero. In elementum nisi velit, nec mattis eros laoreet quis. Ut purus lacus, ultricies eget elit sed, tincidunt dapibus ligula. Praesent nisl magna, vehicula quis nulla eu, egestas viverra velit. Aliquam sodales, massa eu aliquam porttitor, urna magna venenatis tellus, eget pellentesque sem eros id ex. Cras convallis lacus sit amet nisl porta, sit amet semper lacus sodales.</p>",Vinova MotorGear,,Protective goggles,"Gloves, Goggles, Helmet, Racing",true,Title,Default Title,,,,,"",0.0,shopify,0,deny,manual,0.00,,true,true,"",https://cdn.shopify.com/s/files/1/0674/7173/7051/files/6b-min_dbecaa32-8b1d-4947-94d1-49e087500597.png?v=1702357153,1,,false,,,,,,,,,,,,,,,kg,,,true,,,true,,,active
spy-breakaway-goggles,,,,,,,,,,,,,,,,,,,,,,,,,https://cdn.shopify.com/s/files/1/0674/7173/7051/files/6k-min_2de7da4d-77a5-431e-87b0-35476d2ec936.png?v=1702357153,2,,,,,,,,,,,,,,,,,,,,,,,,,,
spy-breakaway-goggles,,,,,,,,,,,,,,,,,,,,,,,,,https://cdn.shopify.com/s/files/1/0674/7173/7051/files/6a-min_a559482c-21df-4296-9b90-7f896ca4ffc0.png?v=1702357153,3,,,,,,,,,,,,,,,,,,,,,,,,,,
spy-breakaway-goggles,,,,,,,,,,,,,,,,,,,,,,,,,https://cdn.shopify.com/s/files/1/0674/7173/7051/files/6e-min.png?v=1702357153,4,,,,,,,,,,,,,,,,,,,,,,,,,,
spy-breakaway-goggles,,,,,,,,,,,,,,,,,,,,,,,,,https://cdn.shopify.com/s/files/1/0674/7173/7051/files/6f-min_9f0e7360-4314-4e48-b08a-3d7d6dff1c1c.png?v=1702357153,5,,,,,,,,,,,,,,,,,,,,,,,,,,
spy-breakaway-goggles,,,,,,,,,,,,,,,,,,,,,,,,,https://cdn.shopify.com/s/files/1/0674/7173/7051/files/6h-min_8710c1d3-3da4-4f0d-99f5-7a296bcfbefa.png?v=1702357153,6,,,,,,,,,,,,,,,,,,,,,,,,,,
oakley-airbrake-seasonal-goggles,Oakley Airbrake Seasonal Goggles,"<p class=""des des_1"" data-mce-fragment=""1""><span data-mce-fragment=""1"">IronCaptivate with this shirt’s versatile urban look that works as well at happy hour as it does in the back yard. The real mother of pearl buttons and embroidered crocodile complete its elegant appeal.Lorem ipsum dolor sit amet, consectetuer adipiscing elit. Aenean commodo ligula eget dolor. Aenean massa. Cum sociis natoque penatibus et magnis dis parturient montes, nascetur ridicu lus mus. Donec quam felis, ultri cies nec, pellentesque eu, pretium quis, sem. Nulla consequat massa quis enim.</span></p>
<p class=""des des_1"" data-mce-fragment=""1""> </p>
<h4 data-mce-fragment=""1"">Sample Ordered Lista</h4>
<ol class=""style_type_2"" data-mce-fragment=""1"">
<li data-mce-fragment=""1"">Comodous in tempor ullamcorper miaculis</li>
<li data-mce-fragment=""1"">Pellentesque vitae neque mollis urna mattis laoreet.</li>
<li data-mce-fragment=""1"">Divamus sit amet purus justo.</li>
<li data-mce-fragment=""1"">Proin molestie egestas orci ac suscipit risus posuere loremous</li>
</ol>
<br data-mce-fragment=""1"">
<h4 data-mce-fragment=""1"">Sample Paragraph Text</h4>
<p class=""des des_2"" data-mce-fragment=""1"">Nullam quis feugiat libero. Phasellus quis molestie massa. Donec in enim sed ex commodo auctor. Nam sagittis volutpat sollicitudin. Fusce sed erat pulvinar nulla aliquet ullamcorper vel et velit. Aliquam a quam ligula. Sed malesuada pulvinar vulputate. Vivamus pharetra metus nulla, a molestie quam luctus eget. Mauris orci risus, consectetur consequat metus quis, mollis eleifend eros.</p>
<p class=""des des_2"" data-mce-fragment=""1"">Sed quis quam sapien. Quisque convallis est enim, et fermentum massa consectetur non. Nam vel ante tempus, venenatis mi eget, tempus libero. In elementum nisi velit, nec mattis eros laoreet quis. Ut purus lacus, ultricies eget elit sed, tincidunt dapibus ligula. Praesent nisl magna, vehicula quis nulla eu, egestas viverra velit. Aliquam sodales, massa eu aliquam porttitor, urna magna venenatis tellus, eget pellentesque sem eros id ex. Cras convallis lacus sit amet nisl porta, sit amet semper lacus sodales.</p>",Vinova MotorGear,,Protective goggles,"BOOTS, Gloves, Goggles, Helmet, Racing",true,Title,Default Title,,,,,"",0.0,shopify,20,deny,manual,160.00,,true,true,"",https://cdn.shopify.com/s/files/1/0674/7173/7051/files/6g-min_fb19be06-d4fb-47c1-a553-b33d788dac0c.png?v=1702357090,1,,false,,,,,,,,,,,,,,,kg,,,true,,,true,,,active
oakley-airbrake-seasonal-goggles,,,,,,,,,,,,,,,,,,,,,,,,,https://cdn.shopify.com/s/files/1/0674/7173/7051/files/6f-min_e7933cd0-3110-4ce3-bc4f-67c260c8bf5b.png?v=1702357090,2,,,,,,,,,,,,,,,,,,,,,,,,,,
oakley-airbrake-seasonal-goggles,,,,,,,,,,,,,,,,,,,,,,,,,https://cdn.shopify.com/s/files/1/0674/7173/7051/files/6a-min.png?v=1702357091,3,,,,,,,,,,,,,,,,,,,,,,,,,,
oakley-airbrake-seasonal-goggles,,,,,,,,,,,,,,,,,,,,,,,,,https://cdn.shopify.com/s/files/1/0674/7173/7051/files/6b-min.png?v=1702357091,4,,,,,,,,,,,,,,,,,,,,,,,,,,
oakley-airbrake-seasonal-goggles,,,,,,,,,,,,,,,,,,,,,,,,,https://cdn.shopify.com/s/files/1/0674/7173/7051/files/6c-min_dfc94cb8-96f0-4200-b87b-530b02261a44.png?v=1702357091,5,,,,,,,,,,,,,,,,,,,,,,,,,,
oakley-airbrake-seasonal-goggles,,,,,,,,,,,,,,,,,,,,,,,,,https://cdn.shopify.com/s/files/1/0674/7173/7051/files/6d-min_b1351103-91f6-4c87-8d13-b9d01dfcc81a.png?v=1702357091,6,,,,,,,,,,,,,,,,,,,,,,,,,,
oakley-o-frame-mx-sand-goggles,Oakley O Frame MX Sand Goggles,"<p class=""des des_1"" data-mce-fragment=""1""><span data-mce-fragment=""1"">IronCaptivate with this shirt’s versatile urban look that works as well at happy hour as it does in the back yard. The real mother of pearl buttons and embroidered crocodile complete its elegant appeal.Lorem ipsum dolor sit amet, consectetuer adipiscing elit. Aenean commodo ligula eget dolor. Aenean massa. Cum sociis natoque penatibus et magnis dis parturient montes, nascetur ridicu lus mus. Donec quam felis, ultri cies nec, pellentesque eu, pretium quis, sem. Nulla consequat massa quis enim.</span></p>
<p class=""des des_1"" data-mce-fragment=""1""> </p>
<h4 data-mce-fragment=""1"">Sample Ordered Lista</h4>
<ol class=""style_type_2"" data-mce-fragment=""1"">
<li data-mce-fragment=""1"">Comodous in tempor ullamcorper miaculis</li>
<li data-mce-fragment=""1"">Pellentesque vitae neque mollis urna mattis laoreet.</li>
<li data-mce-fragment=""1"">Divamus sit amet purus justo.</li>
<li data-mce-fragment=""1"">Proin molestie egestas orci ac suscipit risus posuere loremous</li>
</ol>
<br data-mce-fragment=""1"">
<h4 data-mce-fragment=""1"">Sample Paragraph Text</h4>
<p class=""des des_2"" data-mce-fragment=""1"">Nullam quis feugiat libero. Phasellus quis molestie massa. Donec in enim sed ex commodo auctor. Nam sagittis volutpat sollicitudin. Fusce sed erat pulvinar nulla aliquet ullamcorper vel et velit. Aliquam a quam ligula. Sed malesuada pulvinar vulputate. Vivamus pharetra metus nulla, a molestie quam luctus eget. Mauris orci risus, consectetur consequat metus quis, mollis eleifend eros.</p>
<p class=""des des_2"" data-mce-fragment=""1"">Sed quis quam sapien. Quisque convallis est enim, et fermentum massa consectetur non. Nam vel ante tempus, venenatis mi eget, tempus libero. In elementum nisi velit, nec mattis eros laoreet quis. Ut purus lacus, ultricies eget elit sed, tincidunt dapibus ligula. Praesent nisl magna, vehicula quis nulla eu, egestas viverra velit. Aliquam sodales, massa eu aliquam porttitor, urna magna venenatis tellus, eget pellentesque sem eros id ex. Cras convallis lacus sit amet nisl porta, sit amet semper lacus sodales.</p>",Vinova MotorGear,,Protective goggles,"BOOTS, Gloves, Goggles, Helmet, Racing",true,Title,Default Title,,,,,"",0.0,shopify,100,deny,manual,140.00,,true,true,"",https://cdn.shopify.com/s/files/1/0674/7173/7051/files/6c-min.png?v=1702357018,1,,false,,,,,,,,,,,,,,,kg,,,true,,,true,,,active
oakley-o-frame-mx-sand-goggles,,,,,,,,,,,,,,,,,,,,,,,,,https://cdn.shopify.com/s/files/1/0674/7173/7051/files/6d-min.png?v=1702357018,2,,,,,,,,,,,,,,,,,,,,,,,,,,
oakley-o-frame-mx-sand-goggles,,,,,,,,,,,,,,,,,,,,,,,,,https://cdn.shopify.com/s/files/1/0674/7173/7051/files/6f-min.png?v=1702357018,3,,,,,,,,,,,,,,,,,,,,,,,,,,
oakley-o-frame-mx-sand-goggles,,,,,,,,,,,,,,,,,,,,,,,,,https://cdn.shopify.com/s/files/1/0674/7173/7051/files/6g-min.png?v=1702357018,4,,,,,,,,,,,,,,,,,,,,,,,,,,
oakley-o-frame-mx-sand-goggles,,,,,,,,,,,,,,,,,,,,,,,,,https://cdn.shopify.com/s/files/1/0674/7173/7051/files/6h-min.png?v=1702357018,5,,,,,,,,,,,,,,,,,,,,,,,,,,
oakley-o-frame-mx-sand-goggles,,,,,,,,,,,,,,,,,,,,,,,,,https://cdn.shopify.com/s/files/1/0674/7173/7051/files/6i-min.png?v=1702357019,6,,,,,,,,,,,,,,,,,,,,,,,,,,
oakley-o-frame-mx-sand-goggles,,,,,,,,,,,,,,,,,,,,,,,,,https://cdn.shopify.com/s/files/1/0674/7173/7051/files/6k-min.png?v=1702357019,7,,,,,,,,,,,,,,,,,,,,,,,,,,
alpinestars-suzuki-v2-jacket,Alpinestars Suzuki V2 Jacket,"<p class=""des des_1"" data-mce-fragment=""1""><span data-mce-fragment=""1"">IronCaptivate with this shirt’s versatile urban look that works as well at happy hour as it does in the back yard. The real mother of pearl buttons and embroidered crocodile complete its elegant appeal.Lorem ipsum dolor sit amet, consectetuer adipiscing elit. Aenean commodo ligula eget dolor. Aenean massa. Cum sociis natoque penatibus et magnis dis parturient montes, nascetur ridicu lus mus. Donec quam felis, ultri cies nec, pellentesque eu, pretium quis, sem. Nulla consequat massa quis enim.</span></p>
<p class=""des des_1"" data-mce-fragment=""1""> </p>
<h4 data-mce-fragment=""1"">Sample Ordered Lista</h4>
<ol class=""style_type_2"" data-mce-fragment=""1"">
<li data-mce-fragment=""1"">Comodous in tempor ullamcorper miaculis</li>
<li data-mce-fragment=""1"">Pellentesque vitae neque mollis urna mattis laoreet.</li>
<li data-mce-fragment=""1"">Divamus sit amet purus justo.</li>
<li data-mce-fragment=""1"">Proin molestie egestas orci ac suscipit risus posuere loremous</li>
</ol>
<br data-mce-fragment=""1"">
<h4 data-mce-fragment=""1"">Sample Paragraph Text</h4>
<p class=""des des_2"" data-mce-fragment=""1"">Nullam quis feugiat libero. Phasellus quis molestie massa. Donec in enim sed ex commodo auctor. Nam sagittis volutpat sollicitudin. Fusce sed erat pulvinar nulla aliquet ullamcorper vel et velit. Aliquam a quam ligula. Sed malesuada pulvinar vulputate. Vivamus pharetra metus nulla, a molestie quam luctus eget. Mauris orci risus, consectetur consequat metus quis, mollis eleifend eros.</p>
<p class=""des des_2"" data-mce-fragment=""1"">Sed quis quam sapien. Quisque convallis est enim, et fermentum massa consectetur non. Nam vel ante tempus, venenatis mi eget, tempus libero. In elementum nisi velit, nec mattis eros laoreet quis. Ut purus lacus, ultricies eget elit sed, tincidunt dapibus ligula. Praesent nisl magna, vehicula quis nulla eu, egestas viverra velit. Aliquam sodales, massa eu aliquam porttitor, urna magna venenatis tellus, eget pellentesque sem eros id ex. Cras convallis lacus sit amet nisl porta, sit amet semper lacus sodales.</p>",Vinova MotorGear,,Racing Suit,"",true,Title,Default Title,,,,,"",0.0,shopify,150,deny,manual,200.00,,true,true,"",https://cdn.shopify.com/s/files/1/0674/7173/7051/files/3h-min_e9805e1c-d035-4ca1-a46e-dcbde51aef3c.png?v=1702356770,1,,false,,,,,,,,,,,,,,,kg,,,true,,,true,,,active
alpinestars-suzuki-v2-jacket,,,,,,,,,,,,,,,,,,,,,,,,,https://cdn.shopify.com/s/files/1/0674/7173/7051/files/3k-min_5a411fa6-73ba-44bf-bd9f-9a226691e54d.png?v=1702356771,2,,,,,,,,,,,,,,,,,,,,,,,,,,
alpinestars-suzuki-v2-jacket,,,,,,,,,,,,,,,,,,,,,,,,,https://cdn.shopify.com/s/files/1/0674/7173/7051/files/3a-min_72d742ff-c883-4443-a5b6-3430cff10d11.png?v=1702356771,3,,,,,,,,,,,,,,,,,,,,,,,,,,
alpinestars-suzuki-v2-jacket,,,,,,,,,,,,,,,,,,,,,,,,,https://cdn.shopify.com/s/files/1/0674/7173/7051/files/3b-min_b11c4577-cd0c-4c56-b757-5a08cfae0870.png?v=1702356771,4,,,,,,,,,,,,,,,,,,,,,,,,,,
alpinestars-suzuki-v2-jacket,,,,,,,,,,,,,,,,,,,,,,,,,https://cdn.shopify.com/s/files/1/0674/7173/7051/files/3d-min_a65e599e-9f3b-4cca-a209-c99763edc5a5.png?v=1702356771,5,,,,,,,,,,,,,,,,,,,,,,,,,,
alpinestars-suzuki-v2-jacket,,,,,,,,,,,,,,,,,,,,,,,,,https://cdn.shopify.com/s/files/1/0674/7173/7051/files/3g-min_f86b88b5-e1c4-4946-a054-0a9c9d2bbb8a.png?v=1702356771,6,,,,,,,,,,,,,,,,,,,,,,,,,,
revit-sand-4-h2o-jacket,REV'IT! Sand 4 H2O Jacket,"<p class=""des des_1"" data-mce-fragment=""1""><span data-mce-fragment=""1"">IronCaptivate with this shirt’s versatile urban look that works as well at happy hour as it does in the back yard. The real mother of pearl buttons and embroidered crocodile complete its elegant appeal.Lorem ipsum dolor sit amet, consectetuer adipiscing elit. Aenean commodo ligula eget dolor. Aenean massa. Cum sociis natoque penatibus et magnis dis parturient montes, nascetur ridicu lus mus. Donec quam felis, ultri cies nec, pellentesque eu, pretium quis, sem. Nulla consequat massa quis enim.</span></p>
<p class=""des des_1"" data-mce-fragment=""1""> </p>
<h4 data-mce-fragment=""1"">Sample Ordered Lista</h4>
<ol class=""style_type_2"" data-mce-fragment=""1"">
<li data-mce-fragment=""1"">Comodous in tempor ullamcorper miaculis</li>
<li data-mce-fragment=""1"">Pellentesque vitae neque mollis urna mattis laoreet.</li>
<li data-mce-fragment=""1"">Divamus sit amet purus justo.</li>
<li data-mce-fragment=""1"">Proin molestie egestas orci ac suscipit risus posuere loremous</li>
</ol>
<br data-mce-fragment=""1"">
<h4 data-mce-fragment=""1"">Sample Paragraph Text</h4>
<p class=""des des_2"" data-mce-fragment=""1"">Nullam quis feugiat libero. Phasellus quis molestie massa. Donec in enim sed ex commodo auctor. Nam sagittis volutpat sollicitudin. Fusce sed erat pulvinar nulla aliquet ullamcorper vel et velit. Aliquam a quam ligula. Sed malesuada pulvinar vulputate. Vivamus pharetra metus nulla, a molestie quam luctus eget. Mauris orci risus, consectetur consequat metus quis, mollis eleifend eros.</p>
<p class=""des des_2"" data-mce-fragment=""1"">Sed quis quam sapien. Quisque convallis est enim, et fermentum massa consectetur non. Nam vel ante tempus, venenatis mi eget, tempus libero. In elementum nisi velit, nec mattis eros laoreet quis. Ut purus lacus, ultricies eget elit sed, tincidunt dapibus ligula. Praesent nisl magna, vehicula quis nulla eu, egestas viverra velit. Aliquam sodales, massa eu aliquam porttitor, urna magna venenatis tellus, eget pellentesque sem eros id ex. Cras convallis lacus sit amet nisl porta, sit amet semper lacus sodales.</p>",Vinova MotorGear,,Racing Suit,"BOOTS, Gloves, Goggles, Helmet, Racing",true,Title,Default Title,,,,,"",0.0,shopify,85,deny,manual,190.00,,true,true,"",https://cdn.shopify.com/s/files/1/0674/7173/7051/files/3e-min_c064f40d-6dc3-4c1e-859f-de38509cdc89.png?v=1702356630,1,,false,,,,,,,,,,,,,,,kg,,,true,,,true,,,active
revit-sand-4-h2o-jacket,,,,,,,,,,,,,,,,,,,,,,,,,https://cdn.shopify.com/s/files/1/0674/7173/7051/files/3f-min_a02bab02-44d9-4589-ada5-01a4a1a66ed1.png?v=1702356631,2,,,,,,,,,,,,,,,,,,,,,,,,,,
revit-sand-4-h2o-jacket,,,,,,,,,,,,,,,,,,,,,,,,,https://cdn.shopify.com/s/files/1/0674/7173/7051/files/3b-min.png?v=1702356631,3,,,,,,,,,,,,,,,,,,,,,,,,,,
revit-sand-4-h2o-jacket,,,,,,,,,,,,,,,,,,,,,,,,,https://cdn.shopify.com/s/files/1/0674/7173/7051/files/3g-min_70b12816-58fd-4293-b748-9660dbe4cd07.png?v=1702356631,4,,,,,,,,,,,,,,,,,,,,,,,,,,
revit-sand-4-h2o-jacket,,,,,,,,,,,,,,,,,,,,,,,,,https://cdn.shopify.com/s/files/1/0674/7173/7051/files/3h-min_5ffa2539-bf8d-4a7e-a81b-b3b4ec0c9550.png?v=1702356631,5,,,,,,,,,,,,,,,,,,,,,,,,,,
revit-sand-4-h2o-jacket,,,,,,,,,,,,,,,,,,,,,,,,,https://cdn.shopify.com/s/files/1/0674/7173/7051/files/3i-min_ef20a4f1-cffc-4ca9-b7f5-542280199db9.png?v=1702356631,6,,,,,,,,,,,,,,,,,,,,,,,,,,
fly-racing-barricade-armored-suit,Fly Racing Barricade Armored Suit,"<p class=""des des_1"" data-mce-fragment=""1""><span data-mce-fragment=""1"">IronCaptivate with this shirt’s versatile urban look that works as well at happy hour as it does in the back yard. The real mother of pearl buttons and embroidered crocodile complete its elegant appeal.Lorem ipsum dolor sit amet, consectetuer adipiscing elit. Aenean commodo ligula eget dolor. Aenean massa. Cum sociis natoque penatibus et magnis dis parturient montes, nascetur ridicu lus mus. Donec quam felis, ultri cies nec, pellentesque eu, pretium quis, sem. Nulla consequat massa quis enim.</span></p>
<p class=""des des_1"" data-mce-fragment=""1""> </p>
<h4 data-mce-fragment=""1"">Sample Ordered Lista</h4>
<ol class=""style_type_2"" data-mce-fragment=""1"">
<li data-mce-fragment=""1"">Comodous in tempor ullamcorper miaculis</li>
<li data-mce-fragment=""1"">Pellentesque vitae neque mollis urna mattis laoreet.</li>
<li data-mce-fragment=""1"">Divamus sit amet purus justo.</li>
<li data-mce-fragment=""1"">Proin molestie egestas orci ac suscipit risus posuere loremous</li>
</ol>
<br data-mce-fragment=""1"">
<h4 data-mce-fragment=""1"">Sample Paragraph Text</h4>
<p class=""des des_2"" data-mce-fragment=""1"">Nullam quis feugiat libero. Phasellus quis molestie massa. Donec in enim sed ex commodo auctor. Nam sagittis volutpat sollicitudin. Fusce sed erat pulvinar nulla aliquet ullamcorper vel et velit. Aliquam a quam ligula. Sed malesuada pulvinar vulputate. Vivamus pharetra metus nulla, a molestie quam luctus eget. Mauris orci risus, consectetur consequat metus quis, mollis eleifend eros.</p>
<p class=""des des_2"" data-mce-fragment=""1"">Sed quis quam sapien. Quisque convallis est enim, et fermentum massa consectetur non. Nam vel ante tempus, venenatis mi eget, tempus libero. In elementum nisi velit, nec mattis eros laoreet quis. Ut purus lacus, ultricies eget elit sed, tincidunt dapibus ligula. Praesent nisl magna, vehicula quis nulla eu, egestas viverra velit. Aliquam sodales, massa eu aliquam porttitor, urna magna venenatis tellus, eget pellentesque sem eros id ex. Cras convallis lacus sit amet nisl porta, sit amet semper lacus sodales.</p>",Vinova MotorGear,,Racing Suit,"Gloves, Helmet, Racing",true,Title,Default Title,,,,,"",0.0,shopify,100,deny,manual,220.00,,true,true,"",https://cdn.shopify.com/s/files/1/0674/7173/7051/files/3i-min_b3e92c4a-09b0-4cff-abbf-d00be1c80f62.png?v=1702356447,1,,false,,,,,,,,,,,,,,,kg,,,true,,,true,,,active
fly-racing-barricade-armored-suit,,,,,,,,,,,,,,,,,,,,,,,,,https://cdn.shopify.com/s/files/1/0674/7173/7051/files/3a-min.png?v=1702356447,2,,,,,,,,,,,,,,,,,,,,,,,,,,
fly-racing-barricade-armored-suit,,,,,,,,,,,,,,,,,,,,,,,,,https://cdn.shopify.com/s/files/1/0674/7173/7051/files/3c-min_00bf5932-bd7e-4359-8fff-f134fd5cc6f7.png?v=1702356447,3,,,,,,,,,,,,,,,,,,,,,,,,,,
fly-racing-barricade-armored-suit,,,,,,,,,,,,,,,,,,,,,,,,,https://cdn.shopify.com/s/files/1/0674/7173/7051/files/3d-min_76cdd2b0-fe1b-4924-bca7-fb5e5a7fb611.png?v=1702356448,4,,,,,,,,,,,,,,,,,,,,,,,,,,
fly-racing-barricade-armored-suit,,,,,,,,,,,,,,,,,,,,,,,,,https://cdn.shopify.com/s/files/1/0674/7173/7051/files/3e-min_ad2cdfe4-3e3f-4ffd-9a6c-808cff0ff8b1.png?v=1702356448,5,,,,,,,,,,,,,,,,,,,,,,,,,,
fly-racing-barricade-armored-suit,,,,,,,,,,,,,,,,,,,,,,,,,https://cdn.shopify.com/s/files/1/0674/7173/7051/files/3f-min_07d38179-e2e5-4dec-a6f9-40b7f979f6dc.png?v=1702356448,6,,,,,,,,,,,,,,,,,,,,,,,,,,
alpinestars-bionic-action-jacket,Alpinestars Bionic Action Jacket,"<p class=""des des_1"" data-mce-fragment=""1""><span data-mce-fragment=""1"">IronCaptivate with this shirt’s versatile urban look that works as well at happy hour as it does in the back yard. The real mother of pearl buttons and embroidered crocodile complete its elegant appeal.Lorem ipsum dolor sit amet, consectetuer adipiscing elit. Aenean commodo ligula eget dolor. Aenean massa. Cum sociis natoque penatibus et magnis dis parturient montes, nascetur ridicu lus mus. Donec quam felis, ultri cies nec, pellentesque eu, pretium quis, sem. Nulla consequat massa quis enim.</span></p>
<p class=""des des_1"" data-mce-fragment=""1""> </p>
<h4 data-mce-fragment=""1"">Sample Ordered Lista</h4>
<ol class=""style_type_2"" data-mce-fragment=""1"">
<li data-mce-fragment=""1"">Comodous in tempor ullamcorper miaculis</li>
<li data-mce-fragment=""1"">Pellentesque vitae neque mollis urna mattis laoreet.</li>
<li data-mce-fragment=""1"">Divamus sit amet purus justo.</li>
<li data-mce-fragment=""1"">Proin molestie egestas orci ac suscipit risus posuere loremous</li>
</ol>
<br data-mce-fragment=""1"">
<h4 data-mce-fragment=""1"">Sample Paragraph Text</h4>
<p class=""des des_2"" data-mce-fragment=""1"">Nullam quis feugiat libero. Phasellus quis molestie massa. Donec in enim sed ex commodo auctor. Nam sagittis volutpat sollicitudin. Fusce sed erat pulvinar nulla aliquet ullamcorper vel et velit. Aliquam a quam ligula. Sed malesuada pulvinar vulputate. Vivamus pharetra metus nulla, a molestie quam luctus eget. Mauris orci risus, consectetur consequat metus quis, mollis eleifend eros.</p>
<p class=""des des_2"" data-mce-fragment=""1"">Sed quis quam sapien. Quisque convallis est enim, et fermentum massa consectetur non. Nam vel ante tempus, venenatis mi eget, tempus libero. In elementum nisi velit, nec mattis eros laoreet quis. Ut purus lacus, ultricies eget elit sed, tincidunt dapibus ligula. Praesent nisl magna, vehicula quis nulla eu, egestas viverra velit. Aliquam sodales, massa eu aliquam porttitor, urna magna venenatis tellus, eget pellentesque sem eros id ex. Cras convallis lacus sit amet nisl porta, sit amet semper lacus sodales.</p>",Vinova MotorGear,,Racing Suit,"BOOTS, Gloves, Goggles, Helmet, Racing",true,Title,Default Title,,,,,"",0.0,shopify,58,deny,manual,250.00,,true,true,"",https://cdn.shopify.com/s/files/1/0674/7173/7051/files/3c-min_a1dabf84-2327-41ce-96e3-558f485dbdf4.png?v=1702356345,1,,false,,,,,,,,,,,,,,,kg,,,true,,,true,,,active
alpinestars-bionic-action-jacket,,,,,,,,,,,,,,,,,,,,,,,,,https://cdn.shopify.com/s/files/1/0674/7173/7051/files/3h-min_f9443d0f-e0f6-4c17-81c1-c24783348843.png?v=1702356345,2,,,,,,,,,,,,,,,,,,,,,,,,,,
alpinestars-bionic-action-jacket,,,,,,,,,,,,,,,,,,,,,,,,,https://cdn.shopify.com/s/files/1/0674/7173/7051/files/3d-min_41e21315-34ba-4ebe-b9ff-465da70d2af9.png?v=1702356345,3,,,,,,,,,,,,,,,,,,,,,,,,,,
alpinestars-bionic-action-jacket,,,,,,,,,,,,,,,,,,,,,,,,,https://cdn.shopify.com/s/files/1/0674/7173/7051/files/3e-min_17766b9b-3d81-495a-be76-a6165428e4ca.png?v=1702356345,4,,,,,,,,,,,,,,,,,,,,,,,,,,
alpinestars-bionic-action-jacket,,,,,,,,,,,,,,,,,,,,,,,,,https://cdn.shopify.com/s/files/1/0674/7173/7051/files/3k-min_87bc5a98-fa4d-4e0c-a56b-f7142917ca46.png?v=1702356346,5,,,,,,,,,,,,,,,,,,,,,,,,,,
alpinestars-bionic-action-jacket,,,,,,,,,,,,,,,,,,,,,,,,,https://cdn.shopify.com/s/files/1/0674/7173/7051/files/3f-min_490dba6b-ed28-4816-8238-b243c4ad47ee.png?v=1702356346,6,,,,,,,,,,,,,,,,,,,,,,,,,,
alpinestars-bionic-action-jacket,,,,,,,,,,,,,,,,,,,,,,,,,https://cdn.shopify.com/s/files/1/0674/7173/7051/files/3g-min_67d52a1e-fd9f-4f4b-b8c9-ef9079cb57ab.png?v=1702356346,7,,,,,,,,,,,,,,,,,,,,,,,,,,
star-cobalt-umpire-shin-guards-4,Star Cobalt Umpire Shin Guards 4,"<p class=""des des_1"" data-mce-fragment=""1""><span data-mce-fragment=""1"">IronCaptivate with this shirt’s versatile urban look that works as well at happy hour as it does in the back yard. The real mother of pearl buttons and embroidered crocodile complete its elegant appeal.Lorem ipsum dolor sit amet, consectetuer adipiscing elit. Aenean commodo ligula eget dolor. Aenean massa. Cum sociis natoque penatibus et magnis dis parturient montes, nascetur ridicu lus mus. Donec quam felis, ultri cies nec, pellentesque eu, pretium quis, sem. Nulla consequat massa quis enim.</span></p>
<p class=""des des_1"" data-mce-fragment=""1""> </p>
<h4 data-mce-fragment=""1"">Sample Ordered Lista</h4>
<ol class=""style_type_2"" data-mce-fragment=""1"">
<li data-mce-fragment=""1"">Comodous in tempor ullamcorper miaculis</li>
<li data-mce-fragment=""1"">Pellentesque vitae neque mollis urna mattis laoreet.</li>
<li data-mce-fragment=""1"">Divamus sit amet purus justo.</li>
<li data-mce-fragment=""1"">Proin molestie egestas orci ac suscipit risus posuere loremous</li>
</ol>
<br data-mce-fragment=""1"">
<h4 data-mce-fragment=""1"">Sample Paragraph Text</h4>
<p class=""des des_2"" data-mce-fragment=""1"">Nullam quis feugiat libero. Phasellus quis molestie massa. Donec in enim sed ex commodo auctor. Nam sagittis volutpat sollicitudin. Fusce sed erat pulvinar nulla aliquet ullamcorper vel et velit. Aliquam a quam ligula. Sed malesuada pulvinar vulputate. Vivamus pharetra metus nulla, a molestie quam luctus eget. Mauris orci risus, consectetur consequat metus quis, mollis eleifend eros.</p>
<p class=""des des_2"" data-mce-fragment=""1"">Sed quis quam sapien. Quisque convallis est enim, et fermentum massa consectetur non. Nam vel ante tempus, venenatis mi eget, tempus libero. In elementum nisi velit, nec mattis eros laoreet quis. Ut purus lacus, ultricies eget elit sed, tincidunt dapibus ligula. Praesent nisl magna, vehicula quis nulla eu, egestas viverra velit. Aliquam sodales, massa eu aliquam porttitor, urna magna venenatis tellus, eget pellentesque sem eros id ex. Cras convallis lacus sit amet nisl porta, sit amet semper lacus sodales.</p>",Vinova MotorGear,,KNEES PAD,"BOOTS, Gloves, Goggles, Helmet, Racing",true,Title,Default Title,,,,,"",0.0,shopify,58,deny,manual,88.00,,true,true,"",https://cdn.shopify.com/s/files/1/0674/7173/7051/files/3d-min_1bd09604-fe97-479d-b0bf-aa7f6a33ca0f.png?v=1702355958,1,,false,,,,,,,,,,,,,,,kg,,,true,,,true,,,active
star-cobalt-umpire-shin-guards-4,,,,,,,,,,,,,,,,,,,,,,,,,https://cdn.shopify.com/s/files/1/0674/7173/7051/files/3k-min_fcf221dd-a565-406b-8ff3-1744cc459df8.png?v=1702355959,2,,,,,,,,,,,,,,,,,,,,,,,,,,
star-cobalt-umpire-shin-guards-4,,,,,,,,,,,,,,,,,,,,,,,,,https://cdn.shopify.com/s/files/1/0674/7173/7051/files/3e-min.png?v=1702355959,3,,,,,,,,,,,,,,,,,,,,,,,,,,
star-cobalt-umpire-shin-guards-4,,,,,,,,,,,,,,,,,,,,,,,,,https://cdn.shopify.com/s/files/1/0674/7173/7051/files/3f-min_e1d94739-7e00-4271-9024-df9f2d4bcdf3.png?v=1702355959,4,,,,,,,,,,,,,,,,,,,,,,,,,,
star-cobalt-umpire-shin-guards-4,,,,,,,,,,,,,,,,,,,,,,,,,https://cdn.shopify.com/s/files/1/0674/7173/7051/files/3g-min_cce84cfe-e5e9-4bb8-8ab8-258fe21a7fa3.png?v=1702355959,5,,,,,,,,,,,,,,,,,,,,,,,,,,
star-cobalt-umpire-shin-guards-4,,,,,,,,,,,,,,,,,,,,,,,,,https://cdn.shopify.com/s/files/1/0674/7173/7051/files/3h-min_30e28dc2-98bb-4291-851a-183a704e73a2.png?v=1702355959,6,,,,,,,,,,,,,,,,,,,,,,,,,,
star-cobalt-umpire-shin-guards-4,,,,,,,,,,,,,,,,,,,,,,,,,https://cdn.shopify.com/s/files/1/0674/7173/7051/files/3i-min_d964e920-9fc6-425c-9d25-af1a4f3a5286.png?v=1702355959,7,,,,,,,,,,,,,,,,,,,,,,,,,,
star-cobalt-umpire-shin-guards-3,Star Cobalt Umpire Shin Guards 3,"<p class=""des des_1"" data-mce-fragment=""1""><span data-mce-fragment=""1"">IronCaptivate with this shirt’s versatile urban look that works as well at happy hour as it does in the back yard. The real mother of pearl buttons and embroidered crocodile complete its elegant appeal.Lorem ipsum dolor sit amet, consectetuer adipiscing elit. Aenean commodo ligula eget dolor. Aenean massa. Cum sociis natoque penatibus et magnis dis parturient montes, nascetur ridicu lus mus. Donec quam felis, ultri cies nec, pellentesque eu, pretium quis, sem. Nulla consequat massa quis enim.</span></p>
<p class=""des des_1"" data-mce-fragment=""1""> </p>
<h4 data-mce-fragment=""1"">Sample Ordered Lista</h4>
<ol class=""style_type_2"" data-mce-fragment=""1"">
<li data-mce-fragment=""1"">Comodous in tempor ullamcorper miaculis</li>
<li data-mce-fragment=""1"">Pellentesque vitae neque mollis urna mattis laoreet.</li>
<li data-mce-fragment=""1"">Divamus sit amet purus justo.</li>
<li data-mce-fragment=""1"">Proin molestie egestas orci ac suscipit risus posuere loremous</li>
</ol>
<br data-mce-fragment=""1"">
<h4 data-mce-fragment=""1"">Sample Paragraph Text</h4>
<p class=""des des_2"" data-mce-fragment=""1"">Nullam quis feugiat libero. Phasellus quis molestie massa. Donec in enim sed ex commodo auctor. Nam sagittis volutpat sollicitudin. Fusce sed erat pulvinar nulla aliquet ullamcorper vel et velit. Aliquam a quam ligula. Sed malesuada pulvinar vulputate. Vivamus pharetra metus nulla, a molestie quam luctus eget. Mauris orci risus, consectetur consequat metus quis, mollis eleifend eros.</p>
<p class=""des des_2"" data-mce-fragment=""1"">Sed quis quam sapien. Quisque convallis est enim, et fermentum massa consectetur non. Nam vel ante tempus, venenatis mi eget, tempus libero. In elementum nisi velit, nec mattis eros laoreet quis. Ut purus lacus, ultricies eget elit sed, tincidunt dapibus ligula. Praesent nisl magna, vehicula quis nulla eu, egestas viverra velit. Aliquam sodales, massa eu aliquam porttitor, urna magna venenatis tellus, eget pellentesque sem eros id ex. Cras convallis lacus sit amet nisl porta, sit amet semper lacus sodales.</p>",Vinova MotorGear,,KNEES PAD,"BOOTS, Gloves, Goggles, Helmet, Racing",true,Title,Default Title,,,,,"",0.0,shopify,100,deny,manual,85.00,,true,true,"",https://cdn.shopify.com/s/files/1/0674/7173/7051/files/3i-min_9ffd420e-5954-4a80-9918-40603568751c.png?v=1702355878,1,,false,,,,,,,,,,,,,,,kg,,,true,,,true,,,active
star-cobalt-umpire-shin-guards-3,,,,,,,,,,,,,,,,,,,,,,,,,https://cdn.shopify.com/s/files/1/0674/7173/7051/files/3h-min_6bae20ce-6d55-484e-b6ff-4f99f5eececb.png?v=1702355879,2,,,,,,,,,,,,,,,,,,,,,,,,,,
star-cobalt-umpire-shin-guards-3,,,,,,,,,,,,,,,,,,,,,,,,,https://cdn.shopify.com/s/files/1/0674/7173/7051/files/3c-min.png?v=1702355879,3,,,,,,,,,,,,,,,,,,,,,,,,,,
star-cobalt-umpire-shin-guards-3,,,,,,,,,,,,,,,,,,,,,,,,,https://cdn.shopify.com/s/files/1/0674/7173/7051/files/3d-min_45ce36ff-dfe6-47f0-a793-d152b938a450.png?v=1702355879,4,,,,,,,,,,,,,,,,,,,,,,,,,,
star-cobalt-umpire-shin-guards-3,,,,,,,,,,,,,,,,,,,,,,,,,https://cdn.shopify.com/s/files/1/0674/7173/7051/files/3k-min.png?v=1702355879,5,,,,,,,,,,,,,,,,,,,,,,,,,,
star-cobalt-umpire-shin-guards-2,Star Cobalt Umpire Shin Guards 2,"<p class=""des des_1"" data-mce-fragment=""1""><span data-mce-fragment=""1"">IronCaptivate with this shirt’s versatile urban look that works as well at happy hour as it does in the back yard. The real mother of pearl buttons and embroidered crocodile complete its elegant appeal.Lorem ipsum dolor sit amet, consectetuer adipiscing elit. Aenean commodo ligula eget dolor. Aenean massa. Cum sociis natoque penatibus et magnis dis parturient montes, nascetur ridicu lus mus. Donec quam felis, ultri cies nec, pellentesque eu, pretium quis, sem. Nulla consequat massa quis enim.</span></p>
<p class=""des des_1"" data-mce-fragment=""1""> </p>
<h4 data-mce-fragment=""1"">Sample Ordered Lista</h4>
<ol class=""style_type_2"" data-mce-fragment=""1"">
<li data-mce-fragment=""1"">Comodous in tempor ullamcorper miaculis</li>
<li data-mce-fragment=""1"">Pellentesque vitae neque mollis urna mattis laoreet.</li>
<li data-mce-fragment=""1"">Divamus sit amet purus justo.</li>
<li data-mce-fragment=""1"">Proin molestie egestas orci ac suscipit risus posuere loremous</li>
</ol>
<br data-mce-fragment=""1"">
<h4 data-mce-fragment=""1"">Sample Paragraph Text</h4>
<p class=""des des_2"" data-mce-fragment=""1"">Nullam quis feugiat libero. Phasellus quis molestie massa. Donec in enim sed ex commodo auctor. Nam sagittis volutpat sollicitudin. Fusce sed erat pulvinar nulla aliquet ullamcorper vel et velit. Aliquam a quam ligula. Sed malesuada pulvinar vulputate. Vivamus pharetra metus nulla, a molestie quam luctus eget. Mauris orci risus, consectetur consequat metus quis, mollis eleifend eros.</p>
<p class=""des des_2"" data-mce-fragment=""1"">Sed quis quam sapien. Quisque convallis est enim, et fermentum massa consectetur non. Nam vel ante tempus, venenatis mi eget, tempus libero. In elementum nisi velit, nec mattis eros laoreet quis. Ut purus lacus, ultricies eget elit sed, tincidunt dapibus ligula. Praesent nisl magna, vehicula quis nulla eu, egestas viverra velit. Aliquam sodales, massa eu aliquam porttitor, urna magna venenatis tellus, eget pellentesque sem eros id ex. Cras convallis lacus sit amet nisl porta, sit amet semper lacus sodales.</p>",Vinova MotorGear,,KNEES PAD,"BOOTS, Goggles, Helmet, Racing",true,Title,Default Title,,,,,"",0.0,shopify,100,deny,manual,80.00,,true,true,"",https://cdn.shopify.com/s/files/1/0674/7173/7051/files/3f-min.png?v=1702355744,1,,false,,,,,,,,,,,,,,,kg,,,true,,,true,,,active
star-cobalt-umpire-shin-guards-2,,,,,,,,,,,,,,,,,,,,,,,,,https://cdn.shopify.com/s/files/1/0674/7173/7051/files/3g-min.png?v=1702355745,2,,,,,,,,,,,,,,,,,,,,,,,,,,
star-cobalt-umpire-shin-guards-2,,,,,,,,,,,,,,,,,,,,,,,,,https://cdn.shopify.com/s/files/1/0674/7173/7051/files/3d-min.png?v=1702355745,3,,,,,,,,,,,,,,,,,,,,,,,,,,
star-cobalt-umpire-shin-guards-2,,,,,,,,,,,,,,,,,,,,,,,,,https://cdn.shopify.com/s/files/1/0674/7173/7051/files/3h-min.png?v=1702355745,4,,,,,,,,,,,,,,,,,,,,,,,,,,
star-cobalt-umpire-shin-guards-2,,,,,,,,,,,,,,,,,,,,,,,,,https://cdn.shopify.com/s/files/1/0674/7173/7051/files/3i-min.png?v=1702355745,5,,,,,,,,,,,,,,,,,,,,,,,,,,
motorcycle-helmet-black,Motorcycle Helmet Black,"<p class=""des des_1"" data-mce-fragment=""1""><span data-mce-fragment=""1"">IronCaptivate with this shirt’s versatile urban look that works as well at happy hour as it does in the back yard. The real mother of pearl buttons and embroidered crocodile complete its elegant appeal.Lorem ipsum dolor sit amet, consectetuer adipiscing elit. Aenean commodo ligula eget dolor. Aenean massa. Cum sociis natoque penatibus et magnis dis parturient montes, nascetur ridicu lus mus. Donec quam felis, ultri cies nec, pellentesque eu, pretium quis, sem. Nulla consequat massa quis enim.</span></p>
<p class=""des des_1"" data-mce-fragment=""1""> </p>
<h4 data-mce-fragment=""1"">Sample Ordered Lista</h4>
<ol class=""style_type_2"" data-mce-fragment=""1"">
<li data-mce-fragment=""1"">Comodous in tempor ullamcorper miaculis</li>
<li data-mce-fragment=""1"">Pellentesque vitae neque mollis urna mattis laoreet.</li>
<li data-mce-fragment=""1"">Divamus sit amet purus justo.</li>
<li data-mce-fragment=""1"">Proin molestie egestas orci ac suscipit risus posuere loremous</li>
</ol>
<br data-mce-fragment=""1"">
<h4 data-mce-fragment=""1"">Sample Paragraph Text</h4>
<p class=""des des_2"" data-mce-fragment=""1"">Nullam quis feugiat libero. Phasellus quis molestie massa. Donec in enim sed ex commodo auctor. Nam sagittis volutpat sollicitudin. Fusce sed erat pulvinar nulla aliquet ullamcorper vel et velit. Aliquam a quam ligula. Sed malesuada pulvinar vulputate. Vivamus pharetra metus nulla, a molestie quam luctus eget. Mauris orci risus, consectetur consequat metus quis, mollis eleifend eros.</p>
<p class=""des des_2"" data-mce-fragment=""1"">Sed quis quam sapien. Quisque convallis est enim, et fermentum massa consectetur non. Nam vel ante tempus, venenatis mi eget, tempus libero. In elementum nisi velit, nec mattis eros laoreet quis. Ut purus lacus, ultricies eget elit sed, tincidunt dapibus ligula. Praesent nisl magna, vehicula quis nulla eu, egestas viverra velit. Aliquam sodales, massa eu aliquam porttitor, urna magna venenatis tellus, eget pellentesque sem eros id ex. Cras convallis lacus sit amet nisl porta, sit amet semper lacus sodales.</p>",Vinova MotorGear,,HELMET,"BOOTS, Gloves, Goggles, Helmet, Racing",true,Title,Default Title,,,,,"",0.0,shopify,15,deny,manual,55.00,,true,true,"",https://cdn.shopify.com/s/files/1/0674/7173/7051/files/4k-min_496d3f7d-0366-4a04-afcd-72b9b493d7c2.png?v=1702355385,1,,false,,,,,,,,,,,,,,,kg,,,true,,,true,,,active
motorcycle-helmet-black,,,,,,,,,,,,,,,,,,,,,,,,,https://cdn.shopify.com/s/files/1/0674/7173/7051/files/4h-min_d30baa2e-7912-473f-8aff-987d6f986db7.png?v=1702355386,2,,,,,,,,,,,,,,,,,,,,,,,,,,
motorcycle-helmet-black,,,,,,,,,,,,,,,,,,,,,,,,,https://cdn.shopify.com/s/files/1/0674/7173/7051/files/4b-min.png?v=1702355386,3,,,,,,,,,,,,,,,,,,,,,,,,,,
motorcycle-helmet-black,,,,,,,,,,,,,,,,,,,,,,,,,https://cdn.shopify.com/s/files/1/0674/7173/7051/files/4d-min_6be20f3f-8507-4191-92c3-158b6bc5288b.png?v=1702355386,4,,,,,,,,,,,,,,,,,,,,,,,,,,
motorcycle-helmet-black,,,,,,,,,,,,,,,,,,,,,,,,,https://cdn.shopify.com/s/files/1/0674/7173/7051/files/4g-min_a18dbe5f-2c6f-4c15-88c1-213edaa0de34.png?v=1702355386,5,,,,,,,,,,,,,,,,,,,,,,,,,,
motorcycle-helmet-black,,,,,,,,,,,,,,,,,,,,,,,,,https://cdn.shopify.com/s/files/1/0674/7173/7051/files/4i-min_1705d3cb-bc66-40f9-9841-da7b7681eef0.png?v=1702355386,6,,,,,,,,,,,,,,,,,,,,,,,,,,
motorcycle-helmet-white,Motorcycle Helmet White,"<p class=""des des_1"" data-mce-fragment=""1""><span data-mce-fragment=""1"">IronCaptivate with this shirt’s versatile urban look that works as well at happy hour as it does in the back yard. The real mother of pearl buttons and embroidered crocodile complete its elegant appeal.Lorem ipsum dolor sit amet, consectetuer adipiscing elit. Aenean commodo ligula eget dolor. Aenean massa. Cum sociis natoque penatibus et magnis dis parturient montes, nascetur ridicu lus mus. Donec quam felis, ultri cies nec, pellentesque eu, pretium quis, sem. Nulla consequat massa quis enim.</span></p>
<p class=""des des_1"" data-mce-fragment=""1""> </p>
<h4 data-mce-fragment=""1"">Sample Ordered Lista</h4>
<ol class=""style_type_2"" data-mce-fragment=""1"">
<li data-mce-fragment=""1"">Comodous in tempor ullamcorper miaculis</li>
<li data-mce-fragment=""1"">Pellentesque vitae neque mollis urna mattis laoreet.</li>
<li data-mce-fragment=""1"">Divamus sit amet purus justo.</li>
<li data-mce-fragment=""1"">Proin molestie egestas orci ac suscipit risus posuere loremous</li>
</ol>
<br data-mce-fragment=""1"">
<h4 data-mce-fragment=""1"">Sample Paragraph Text</h4>
<p class=""des des_2"" data-mce-fragment=""1"">Nullam quis feugiat libero. Phasellus quis molestie massa. Donec in enim sed ex commodo auctor. Nam sagittis volutpat sollicitudin. Fusce sed erat pulvinar nulla aliquet ullamcorper vel et velit. Aliquam a quam ligula. Sed malesuada pulvinar vulputate. Vivamus pharetra metus nulla, a molestie quam luctus eget. Mauris orci risus, consectetur consequat metus quis, mollis eleifend eros.</p>
<p class=""des des_2"" data-mce-fragment=""1"">Sed quis quam sapien. Quisque convallis est enim, et fermentum massa consectetur non. Nam vel ante tempus, venenatis mi eget, tempus libero. In elementum nisi velit, nec mattis eros laoreet quis. Ut purus lacus, ultricies eget elit sed, tincidunt dapibus ligula. Praesent nisl magna, vehicula quis nulla eu, egestas viverra velit. Aliquam sodales, massa eu aliquam porttitor, urna magna venenatis tellus, eget pellentesque sem eros id ex. Cras convallis lacus sit amet nisl porta, sit amet semper lacus sodales.</p>",Vinova MotorGear,,HELMET,"BOOTS, Gloves, Goggles, Helmet",true,Title,Default Title,,,,,"",0.0,shopify,100,deny,manual,75.00,,true,true,"",https://cdn.shopify.com/s/files/1/0674/7173/7051/files/4e-min_21da54e4-8b62-4bdb-957f-1ca9492aacd1.png?v=1702355288,1,,false,,,,,,,,,,,,,,,kg,,,true,,,true,,,active
motorcycle-helmet-white,,,,,,,,,,,,,,,,,,,,,,,,,https://cdn.shopify.com/s/files/1/0674/7173/7051/files/4f-min_3b80c652-c6cb-4cfe-916b-01312a96ab71.png?v=1702355289,2,,,,,,,,,,,,,,,,,,,,,,,,,,
motorcycle-helmet-white,,,,,,,,,,,,,,,,,,,,,,,,,https://cdn.shopify.com/s/files/1/0674/7173/7051/files/4a-min.png?v=1702355289,3,,,,,,,,,,,,,,,,,,,,,,,,,,
motorcycle-helmet-white,,,,,,,,,,,,,,,,,,,,,,,,,https://cdn.shopify.com/s/files/1/0674/7173/7051/files/4g-min_76b7a4da-3fa9-4575-bdb5-429c5b6bf095.png?v=1702355289,4,,,,,,,,,,,,,,,,,,,,,,,,,,
motorcycle-helmet-white,,,,,,,,,,,,,,,,,,,,,,,,,https://cdn.shopify.com/s/files/1/0674/7173/7051/files/4h-min_05e7c453-6921-4c75-9e41-c760e78d30cf.png?v=1702355289,5,,,,,,,,,,,,,,,,,,,,,,,,,,
motorcycle-helmet-white,,,,,,,,,,,,,,,,,,,,,,,,,https://cdn.shopify.com/s/files/1/0674/7173/7051/files/4i-min_0cdef9b0-e255-4333-9fd7-43125dce942b.png?v=1702355289,6,,,,,,,,,,,,,,,,,,,,,,,,,,
motorcycle-helmet-green,Motorcycle Helmet Green,"<p class=""des des_1"" data-mce-fragment=""1""><span data-mce-fragment=""1"">IronCaptivate with this shirt’s versatile urban look that works as well at happy hour as it does in the back yard. The real mother of pearl buttons and embroidered crocodile complete its elegant appeal.Lorem ipsum dolor sit amet, consectetuer adipiscing elit. Aenean commodo ligula eget dolor. Aenean massa. Cum sociis natoque penatibus et magnis dis parturient montes, nascetur ridicu lus mus. Donec quam felis, ultri cies nec, pellentesque eu, pretium quis, sem. Nulla consequat massa quis enim.</span></p>
<p class=""des des_1"" data-mce-fragment=""1""> </p>
<h4 data-mce-fragment=""1"">Sample Ordered Lista</h4>
<ol class=""style_type_2"" data-mce-fragment=""1"">
<li data-mce-fragment=""1"">Comodous in tempor ullamcorper miaculis</li>
<li data-mce-fragment=""1"">Pellentesque vitae neque mollis urna mattis laoreet.</li>
<li data-mce-fragment=""1"">Divamus sit amet purus justo.</li>
<li data-mce-fragment=""1"">Proin molestie egestas orci ac suscipit risus posuere loremous</li>
</ol>
<br data-mce-fragment=""1"">
<h4 data-mce-fragment=""1"">Sample Paragraph Text</h4>
<p class=""des des_2"" data-mce-fragment=""1"">Nullam quis feugiat libero. Phasellus quis molestie massa. Donec in enim sed ex commodo auctor. Nam sagittis volutpat sollicitudin. Fusce sed erat pulvinar nulla aliquet ullamcorper vel et velit. Aliquam a quam ligula. Sed malesuada pulvinar vulputate. Vivamus pharetra metus nulla, a molestie quam luctus eget. Mauris orci risus, consectetur consequat metus quis, mollis eleifend eros.</p>
<p class=""des des_2"" data-mce-fragment=""1"">Sed quis quam sapien. Quisque convallis est enim, et fermentum massa consectetur non. Nam vel ante tempus, venenatis mi eget, tempus libero. In elementum nisi velit, nec mattis eros laoreet quis. Ut purus lacus, ultricies eget elit sed, tincidunt dapibus ligula. Praesent nisl magna, vehicula quis nulla eu, egestas viverra velit. Aliquam sodales, massa eu aliquam porttitor, urna magna venenatis tellus, eget pellentesque sem eros id ex. Cras convallis lacus sit amet nisl porta, sit amet semper lacus sodales.</p>",Vinova MotorGear,,HELMET,"Gloves, Goggles, Helmet, Racing",true,Title,Default Title,,,,,"",0.0,shopify,65,deny,manual,85.00,,true,true,"",https://cdn.shopify.com/s/files/1/0674/7173/7051/files/4d-min.png?v=1702355231,1,,false,,,,,,,,,,,,,,,kg,,,true,,,true,,,active
motorcycle-helmet-green,,,,,,,,,,,,,,,,,,,,,,,,,https://cdn.shopify.com/s/files/1/0674/7173/7051/files/4e-min_75d7a0f8-71a3-48f4-aa71-1bcbb9c5d389.png?v=1702355231,2,,,,,,,,,,,,,,,,,,,,,,,,,,
motorcycle-helmet-green,,,,,,,,,,,,,,,,,,,,,,,,,https://cdn.shopify.com/s/files/1/0674/7173/7051/files/4f-min_33de6218-8598-44d7-9f31-c50d9b029a7b.png?v=1702355231,3,,,,,,,,,,,,,,,,,,,,,,,,,,
motorcycle-helmet-green,,,,,,,,,,,,,,,,,,,,,,,,,https://cdn.shopify.com/s/files/1/0674/7173/7051/files/4g-min_4cbe993f-217b-4c66-9ac4-cb681b538daf.png?v=1702355231,4,,,,,,,,,,,,,,,,,,,,,,,,,,
motorcycle-helmet-green,,,,,,,,,,,,,,,,,,,,,,,,,https://cdn.shopify.com/s/files/1/0674/7173/7051/files/4k-min_3497f411-3a44-4dba-9859-567fbd0b1dfd.png?v=1702355231,5,,,,,,,,,,,,,,,,,,,,,,,,,,
motorcycle-helmet-red,Motorcycle Helmet Red,"<p class=""des des_1"" data-mce-fragment=""1""><span data-mce-fragment=""1"">IronCaptivate with this shirt’s versatile urban look that works as well at happy hour as it does in the back yard. The real mother of pearl buttons and embroidered crocodile complete its elegant appeal.Lorem ipsum dolor sit amet, consectetuer adipiscing elit. Aenean commodo ligula eget dolor. Aenean massa. Cum sociis natoque penatibus et magnis dis parturient montes, nascetur ridicu lus mus. Donec quam felis, ultri cies nec, pellentesque eu, pretium quis, sem. Nulla consequat massa quis enim.</span></p>
<p class=""des des_1"" data-mce-fragment=""1""> </p>
<h4 data-mce-fragment=""1"">Sample Ordered Lista</h4>
<ol class=""style_type_2"" data-mce-fragment=""1"">
<li data-mce-fragment=""1"">Comodous in tempor ullamcorper miaculis</li>
<li data-mce-fragment=""1"">Pellentesque vitae neque mollis urna mattis laoreet.</li>
<li data-mce-fragment=""1"">Divamus sit amet purus justo.</li>
<li data-mce-fragment=""1"">Proin molestie egestas orci ac suscipit risus posuere loremous</li>
</ol>
<br data-mce-fragment=""1"">
<h4 data-mce-fragment=""1"">Sample Paragraph Text</h4>
<p class=""des des_2"" data-mce-fragment=""1"">Nullam quis feugiat libero. Phasellus quis molestie massa. Donec in enim sed ex commodo auctor. Nam sagittis volutpat sollicitudin. Fusce sed erat pulvinar nulla aliquet ullamcorper vel et velit. Aliquam a quam ligula. Sed malesuada pulvinar vulputate. Vivamus pharetra metus nulla, a molestie quam luctus eget. Mauris orci risus, consectetur consequat metus quis, mollis eleifend eros.</p>
<p class=""des des_2"" data-mce-fragment=""1"">Sed quis quam sapien. Quisque convallis est enim, et fermentum massa consectetur non. Nam vel ante tempus, venenatis mi eget, tempus libero. In elementum nisi velit, nec mattis eros laoreet quis. Ut purus lacus, ultricies eget elit sed, tincidunt dapibus ligula. Praesent nisl magna, vehicula quis nulla eu, egestas viverra velit. Aliquam sodales, massa eu aliquam porttitor, urna magna venenatis tellus, eget pellentesque sem eros id ex. Cras convallis lacus sit amet nisl porta, sit amet semper lacus sodales.</p>",Vinova MotorGear,,HELMET,"BOOTS, Gloves, Goggles, Helmet, Racing",true,Title,Default Title,,,,,"",0.0,shopify,25,deny,manual,54.00,,true,true,"",https://cdn.shopify.com/s/files/1/0674/7173/7051/files/4i-min.png?v=1702355151,1,,false,,,,,,,,,,,,,,,kg,,,true,,,true,,,active
motorcycle-helmet-red,,,,,,,,,,,,,,,,,,,,,,,,,https://cdn.shopify.com/s/files/1/0674/7173/7051/files/4c-min.png?v=1702355151,2,,,,,,,,,,,,,,,,,,,,,,,,,,
motorcycle-helmet-red,,,,,,,,,,,,,,,,,,,,,,,,,https://cdn.shopify.com/s/files/1/0674/7173/7051/files/4e-min.png?v=1702355151,3,,,,,,,,,,,,,,,,,,,,,,,,,,
motorcycle-helmet-red,,,,,,,,,,,,,,,,,,,,,,,,,https://cdn.shopify.com/s/files/1/0674/7173/7051/files/4f-min.png?v=1702355151,4,,,,,,,,,,,,,,,,,,,,,,,,,,
motorcycle-helmet-red,,,,,,,,,,,,,,,,,,,,,,,,,https://cdn.shopify.com/s/files/1/0674/7173/7051/files/4g-min.png?v=1702355151,5,,,,,,,,,,,,,,,,,,,,,,,,,,
motorcycle-helmet-red,,,,,,,,,,,,,,,,,,,,,,,,,https://cdn.shopify.com/s/files/1/0674/7173/7051/files/4h-min.png?v=1702355151,6,,,,,,,,,,,,,,,,,,,,,,,,,,
motorcycle-helmet-red,,,,,,,,,,,,,,,,,,,,,,,,,https://cdn.shopify.com/s/files/1/0674/7173/7051/files/4k-min.png?v=1702355151,7,,,,,,,,,,,,,,,,,,,,,,,,,,
fox-racing-instinct-boots-moss-green,Fox Racing Instinct Boots - Moss Green,"<p class=""des des_1"" data-mce-fragment=""1""><span data-mce-fragment=""1"">IronCaptivate with this shirt’s versatile urban look that works as well at happy hour as it does in the back yard. The real mother of pearl buttons and embroidered crocodile complete its elegant appeal.Lorem ipsum dolor sit amet, consectetuer adipiscing elit. Aenean commodo ligula eget dolor. Aenean massa. Cum sociis natoque penatibus et magnis dis parturient montes, nascetur ridicu lus mus. Donec quam felis, ultri cies nec, pellentesque eu, pretium quis, sem. Nulla consequat massa quis enim.</span></p>
<p class=""des des_1"" data-mce-fragment=""1""> </p>
<h4 data-mce-fragment=""1"">Sample Ordered Lista</h4>
<ol class=""style_type_2"" data-mce-fragment=""1"">
<li data-mce-fragment=""1"">Comodous in tempor ullamcorper miaculis</li>
<li data-mce-fragment=""1"">Pellentesque vitae neque mollis urna mattis laoreet.</li>
<li data-mce-fragment=""1"">Divamus sit amet purus justo.</li>
<li data-mce-fragment=""1"">Proin molestie egestas orci ac suscipit risus posuere loremous</li>
</ol>
<br data-mce-fragment=""1"">
<h4 data-mce-fragment=""1"">Sample Paragraph Text</h4>
<p class=""des des_2"" data-mce-fragment=""1"">Nullam quis feugiat libero. Phasellus quis molestie massa. Donec in enim sed ex commodo auctor. Nam sagittis volutpat sollicitudin. Fusce sed erat pulvinar nulla aliquet ullamcorper vel et velit. Aliquam a quam ligula. Sed malesuada pulvinar vulputate. Vivamus pharetra metus nulla, a molestie quam luctus eget. Mauris orci risus, consectetur consequat metus quis, mollis eleifend eros.</p>
<p class=""des des_2"" data-mce-fragment=""1"">Sed quis quam sapien. Quisque convallis est enim, et fermentum massa consectetur non. Nam vel ante tempus, venenatis mi eget, tempus libero. In elementum nisi velit, nec mattis eros laoreet quis. Ut purus lacus, ultricies eget elit sed, tincidunt dapibus ligula. Praesent nisl magna, vehicula quis nulla eu, egestas viverra velit. Aliquam sodales, massa eu aliquam porttitor, urna magna venenatis tellus, eget pellentesque sem eros id ex. Cras convallis lacus sit amet nisl porta, sit amet semper lacus sodales.</p>",Vinova MotorGear,,BOOTS,"BOOTS, Gloves, Helmet, Racing",true,Title,Default Title,,,,,"",0.0,shopify,65,deny,manual,180.00,,true,true,"",https://cdn.shopify.com/s/files/1/0674/7173/7051/files/1f-min_1e713b0f-e8f6-469d-8fea-4b4c9f31751e.png?v=1702354984,1,,false,,,,,,,,,,,,,,,kg,,,true,,,true,,,active
fox-racing-instinct-boots-moss-green,,,,,,,,,,,,,,,,,,,,,,,,,https://cdn.shopify.com/s/files/1/0674/7173/7051/files/1h-min_f8f410d8-38b5-458a-96e0-ca0e04d301ab.png?v=1702354984,2,,,,,,,,,,,,,,,,,,,,,,,,,,
fox-racing-instinct-boots-moss-green,,,,,,,,,,,,,,,,,,,,,,,,,https://cdn.shopify.com/s/files/1/0674/7173/7051/files/1d-min_639a9d88-f9a6-43ff-9d1b-f7c4f884033b.png?v=1702354984,3,,,,,,,,,,,,,,,,,,,,,,,,,,
fox-racing-instinct-boots-moss-green,,,,,,,,,,,,,,,,,,,,,,,,,https://cdn.shopify.com/s/files/1/0674/7173/7051/files/1b-min.png?v=1702354985,4,,,,,,,,,,,,,,,,,,,,,,,,,,
fox-racing-instinct-boots-moss-green,,,,,,,,,,,,,,,,,,,,,,,,,https://cdn.shopify.com/s/files/1/0674/7173/7051/files/1g-min_87c3c9c5-8a67-43cf-bcd0-0c14f85e62b1.png?v=1702354985,5,,,,,,,,,,,,,,,,,,,,,,,,,,
fox-racing-instinct-boots-moss-green,,,,,,,,,,,,,,,,,,,,,,,,,https://cdn.shopify.com/s/files/1/0674/7173/7051/files/1h-min_b1707963-e6fc-4c33-bae3-f79753a105e8.png?v=1702354985,6,,,,,,,,,,,,,,,,,,,,,,,,,,
fox-racing-instinct-boots-moss-green,,,,,,,,,,,,,,,,,,,,,,,,,https://cdn.shopify.com/s/files/1/0674/7173/7051/files/1i-min_c397cbe3-6699-4edf-aea6-643ba1b93374.png?v=1702354985,7,,,,,,,,,,,,,,,,,,,,,,,,,,
fox-racing-instinct-boots-gray,Fox Racing Instinct Boots - Gray,"<p class=""des des_1"" data-mce-fragment=""1""><span data-mce-fragment=""1"">IronCaptivate with this shirt’s versatile urban look that works as well at happy hour as it does in the back yard. The real mother of pearl buttons and embroidered crocodile complete its elegant appeal.Lorem ipsum dolor sit amet, consectetuer adipiscing elit. Aenean commodo ligula eget dolor. Aenean massa. Cum sociis natoque penatibus et magnis dis parturient montes, nascetur ridicu lus mus. Donec quam felis, ultri cies nec, pellentesque eu, pretium quis, sem. Nulla consequat massa quis enim.</span></p>
<p class=""des des_1"" data-mce-fragment=""1""> </p>
<h4 data-mce-fragment=""1"">Sample Ordered Lista</h4>
<ol class=""style_type_2"" data-mce-fragment=""1"">
<li data-mce-fragment=""1"">Comodous in tempor ullamcorper miaculis</li>
<li data-mce-fragment=""1"">Pellentesque vitae neque mollis urna mattis laoreet.</li>
<li data-mce-fragment=""1"">Divamus sit amet purus justo.</li>
<li data-mce-fragment=""1"">Proin molestie egestas orci ac suscipit risus posuere loremous</li>
</ol>
<br data-mce-fragment=""1"">
<h4 data-mce-fragment=""1"">Sample Paragraph Text</h4>
<p class=""des des_2"" data-mce-fragment=""1"">Nullam quis feugiat libero. Phasellus quis molestie massa. Donec in enim sed ex commodo auctor. Nam sagittis volutpat sollicitudin. Fusce sed erat pulvinar nulla aliquet ullamcorper vel et velit. Aliquam a quam ligula. Sed malesuada pulvinar vulputate. Vivamus pharetra metus nulla, a molestie quam luctus eget. Mauris orci risus, consectetur consequat metus quis, mollis eleifend eros.</p>
<p class=""des des_2"" data-mce-fragment=""1"">Sed quis quam sapien. Quisque convallis est enim, et fermentum massa consectetur non. Nam vel ante tempus, venenatis mi eget, tempus libero. In elementum nisi velit, nec mattis eros laoreet quis. Ut purus lacus, ultricies eget elit sed, tincidunt dapibus ligula. Praesent nisl magna, vehicula quis nulla eu, egestas viverra velit. Aliquam sodales, massa eu aliquam porttitor, urna magna venenatis tellus, eget pellentesque sem eros id ex. Cras convallis lacus sit amet nisl porta, sit amet semper lacus sodales.</p>",Vinova MotorGear,,BOOTS,"BOOTS, Gloves, Goggles, Helmet, Racing",true,Title,Default Title,,,,,"",0.0,shopify,25,deny,manual,135.00,,true,true,"",https://cdn.shopify.com/s/files/1/0674/7173/7051/files/1k-min_bf3985e8-3134-4c44-aa06-62df8dcff95a.png?v=1702354801,1,,false,,,,,,,,,,,,,,,kg,,,true,,,true,,,active
fox-racing-instinct-boots-gray,,,,,,,,,,,,,,,,,,,,,,,,,https://cdn.shopify.com/s/files/1/0674/7173/7051/files/1c-min.png?v=1702354801,2,,,,,,,,,,,,,,,,,,,,,,,,,,
fox-racing-instinct-boots-gray,,,,,,,,,,,,,,,,,,,,,,,,,https://cdn.shopify.com/s/files/1/0674/7173/7051/files/1d-min_510bba51-b7a7-4b57-96ec-b98b4242d4c0.png?v=1702354801,3,,,,,,,,,,,,,,,,,,,,,,,,,,
fox-racing-instinct-boots-gray,,,,,,,,,,,,,,,,,,,,,,,,,https://cdn.shopify.com/s/files/1/0674/7173/7051/files/1e-min_3ff1fc9a-1a50-43aa-bcd4-baf677ac8016.png?v=1702354801,4,,,,,,,,,,,,,,,,,,,,,,,,,,
fox-racing-instinct-boots-gray,,,,,,,,,,,,,,,,,,,,,,,,,https://cdn.shopify.com/s/files/1/0674/7173/7051/files/1f-min_fb19bf49-a05e-4a33-a5bb-149f6cae0701.png?v=1702354801,5,,,,,,,,,,,,,,,,,,,,,,,,,,
fox-racing-instinct-boots-gray,,,,,,,,,,,,,,,,,,,,,,,,,https://cdn.shopify.com/s/files/1/0674/7173/7051/files/1h-min_e9cd2783-94b5-436a-a600-b1e701cac26a.png?v=1702354801,6,,,,,,,,,,,,,,,,,,,,,,,,,,
fox-racing-instinct-boots-gray,,,,,,,,,,,,,,,,,,,,,,,,,https://cdn.shopify.com/s/files/1/0674/7173/7051/files/1i-min_df62eeff-2b0c-4b27-8400-d510050aee1c.png?v=1702354801,7,,,,,,,,,,,,,,,,,,,,,,,,,,
fox-racing-instinct-boots-red,Fox Racing Instinct Boots - Red,"<p class=""des des_1"" data-mce-fragment=""1""><span data-mce-fragment=""1"">IronCaptivate with this shirt’s versatile urban look that works as well at happy hour as it does in the back yard. The real mother of pearl buttons and embroidered crocodile complete its elegant appeal.Lorem ipsum dolor sit amet, consectetuer adipiscing elit. Aenean commodo ligula eget dolor. Aenean massa. Cum sociis natoque penatibus et magnis dis parturient montes, nascetur ridicu lus mus. Donec quam felis, ultri cies nec, pellentesque eu, pretium quis, sem. Nulla consequat massa quis enim.</span></p>
<p class=""des des_1"" data-mce-fragment=""1""> </p>
<h4 data-mce-fragment=""1"">Sample Ordered Lista</h4>
<ol class=""style_type_2"" data-mce-fragment=""1"">
<li data-mce-fragment=""1"">Comodous in tempor ullamcorper miaculis</li>
<li data-mce-fragment=""1"">Pellentesque vitae neque mollis urna mattis laoreet.</li>
<li data-mce-fragment=""1"">Divamus sit amet purus justo.</li>
<li data-mce-fragment=""1"">Proin molestie egestas orci ac suscipit risus posuere loremous</li>
</ol>
<br data-mce-fragment=""1"">
<h4 data-mce-fragment=""1"">Sample Paragraph Text</h4>
<p class=""des des_2"" data-mce-fragment=""1"">Nullam quis feugiat libero. Phasellus quis molestie massa. Donec in enim sed ex commodo auctor. Nam sagittis volutpat sollicitudin. Fusce sed erat pulvinar nulla aliquet ullamcorper vel et velit. Aliquam a quam ligula. Sed malesuada pulvinar vulputate. Vivamus pharetra metus nulla, a molestie quam luctus eget. Mauris orci risus, consectetur consequat metus quis, mollis eleifend eros.</p>
<p class=""des des_2"" data-mce-fragment=""1"">Sed quis quam sapien. Quisque convallis est enim, et fermentum massa consectetur non. Nam vel ante tempus, venenatis mi eget, tempus libero. In elementum nisi velit, nec mattis eros laoreet quis. Ut purus lacus, ultricies eget elit sed, tincidunt dapibus ligula. Praesent nisl magna, vehicula quis nulla eu, egestas viverra velit. Aliquam sodales, massa eu aliquam porttitor, urna magna venenatis tellus, eget pellentesque sem eros id ex. Cras convallis lacus sit amet nisl porta, sit amet semper lacus sodales.</p>",Vinova MotorGear,,BOOTS,"BOOTS, Gloves, Goggles, Helmet, Racing",true,Title,Default Title,,,,,"",0.0,shopify,100,deny,manual,150.00,,true,true,"",https://cdn.shopify.com/s/files/1/0674/7173/7051/files/1g-min_082b0eef-0430-4b8f-bcb4-f5be2e77fc02.png?v=1702354732,1,,false,,,,,,,,,,,,,,,kg,,,true,,,true,,,active
fox-racing-instinct-boots-red,,,,,,,,,,,,,,,,,,,,,,,,,https://cdn.shopify.com/s/files/1/0674/7173/7051/files/1i-min_9f119c5d-f860-4916-b76a-8a2c1ebacf23.png?v=1702354734,2,,,,,,,,,,,,,,,,,,,,,,,,,,
fox-racing-instinct-boots-red,,,,,,,,,,,,,,,,,,,,,,,,,https://cdn.shopify.com/s/files/1/0674/7173/7051/files/1d-min_2ef3b768-ec17-4a3f-9c2d-4d2b80330d98.png?v=1702354734,3,,,,,,,,,,,,,,,,,,,,,,,,,,
fox-racing-instinct-boots-red,,,,,,,,,,,,,,,,,,,,,,,,,https://cdn.shopify.com/s/files/1/0674/7173/7051/files/1e-min_524dc5fa-f541-4437-b666-9919092ddb42.png?v=1702354734,4,,,,,,,,,,,,,,,,,,,,,,,,,,
fox-racing-instinct-boots-red,,,,,,,,,,,,,,,,,,,,,,,,,https://cdn.shopify.com/s/files/1/0674/7173/7051/files/1f-min.png?v=1702354734,5,,,,,,,,,,,,,,,,,,,,,,,,,,
fox-racing-instinct-boots-red,,,,,,,,,,,,,,,,,,,,,,,,,https://cdn.shopify.com/s/files/1/0674/7173/7051/files/1k-min_218776e5-4dd1-4791-bfd6-6640ec5adbf9.png?v=1702354734,6,,,,,,,,,,,,,,,,,,,,,,,,,,
fox-racing-instinct-boots-white,Fox Racing Instinct Boots - White,"<p class=""des des_1"" data-mce-fragment=""1""><span data-mce-fragment=""1"">IronCaptivate with this shirt’s versatile urban look that works as well at happy hour as it does in the back yard. The real mother of pearl buttons and embroidered crocodile complete its elegant appeal.Lorem ipsum dolor sit amet, consectetuer adipiscing elit. Aenean commodo ligula eget dolor. Aenean massa. Cum sociis natoque penatibus et magnis dis parturient montes, nascetur ridicu lus mus. Donec quam felis, ultri cies nec, pellentesque eu, pretium quis, sem. Nulla consequat massa quis enim.</span></p>
<p class=""des des_1"" data-mce-fragment=""1""> </p>
<h4 data-mce-fragment=""1"">Sample Ordered Lista</h4>
<ol class=""style_type_2"" data-mce-fragment=""1"">
<li data-mce-fragment=""1"">Comodous in tempor ullamcorper miaculis</li>
<li data-mce-fragment=""1"">Pellentesque vitae neque mollis urna mattis laoreet.</li>
<li data-mce-fragment=""1"">Divamus sit amet purus justo.</li>
<li data-mce-fragment=""1"">Proin molestie egestas orci ac suscipit risus posuere loremous</li>
</ol>
<br data-mce-fragment=""1"">
<h4 data-mce-fragment=""1"">Sample Paragraph Text</h4>
<p class=""des des_2"" data-mce-fragment=""1"">Nullam quis feugiat libero. Phasellus quis molestie massa. Donec in enim sed ex commodo auctor. Nam sagittis volutpat sollicitudin. Fusce sed erat pulvinar nulla aliquet ullamcorper vel et velit. Aliquam a quam ligula. Sed malesuada pulvinar vulputate. Vivamus pharetra metus nulla, a molestie quam luctus eget. Mauris orci risus, consectetur consequat metus quis, mollis eleifend eros.</p>
<p class=""des des_2"" data-mce-fragment=""1"">Sed quis quam sapien. Quisque convallis est enim, et fermentum massa consectetur non. Nam vel ante tempus, venenatis mi eget, tempus libero. In elementum nisi velit, nec mattis eros laoreet quis. Ut purus lacus, ultricies eget elit sed, tincidunt dapibus ligula. Praesent nisl magna, vehicula quis nulla eu, egestas viverra velit. Aliquam sodales, massa eu aliquam porttitor, urna magna venenatis tellus, eget pellentesque sem eros id ex. Cras convallis lacus sit amet nisl porta, sit amet semper lacus sodales.</p>",Vinova MotorGear,,BOOTS,"BOOTS, Gloves, Goggles, Helmet, Racing",true,Title,Default Title,,,,,"",0.0,shopify,50,deny,manual,120.00,,true,true,"",https://cdn.shopify.com/s/files/1/0674/7173/7051/files/1e-min.png?v=1702354653,1,,false,,,,,,,,,,,,,,,kg,,,true,,,true,,,active
fox-racing-instinct-boots-white,,,,,,,,,,,,,,,,,,,,,,,,,https://cdn.shopify.com/s/files/1/0674/7173/7051/files/1d-min.png?v=1702354653,2,,,,,,,,,,,,,,,,,,,,,,,,,,
fox-racing-instinct-boots-white,,,,,,,,,,,,,,,,,,,,,,,,,https://cdn.shopify.com/s/files/1/0674/7173/7051/files/1g-min.png?v=1702354653,3,,,,,,,,,,,,,,,,,,,,,,,,,,
fox-racing-instinct-boots-white,,,,,,,,,,,,,,,,,,,,,,,,,https://cdn.shopify.com/s/files/1/0674/7173/7051/files/1h-min.png?v=1702354653,4,,,,,,,,,,,,,,,,,,,,,,,,,,
fox-racing-instinct-boots-white,,,,,,,,,,,,,,,,,,,,,,,,,https://cdn.shopify.com/s/files/1/0674/7173/7051/files/1i-min.png?v=1702354654,5,,,,,,,,,,,,,,,,,,,,,,,,,,
fox-racing-instinct-boots-white,,,,,,,,,,,,,,,,,,,,,,,,,https://cdn.shopify.com/s/files/1/0674/7173/7051/files/1k-min.png?v=1702354654,6,,,,,,,,,,,,,,,,,,,,,,,,,,
gloves-red-black-for-man-5,Gloves Red Black For Man 5,"<p class=""des des_1"" data-mce-fragment=""1""><span data-mce-fragment=""1"">IronCaptivate with this shirt’s versatile urban look that works as well at happy hour as it does in the back yard. The real mother of pearl buttons and embroidered crocodile complete its elegant appeal.Lorem ipsum dolor sit amet, consectetuer adipiscing elit. Aenean commodo ligula eget dolor. Aenean massa. Cum sociis natoque penatibus et magnis dis parturient montes, nascetur ridicu lus mus. Donec quam felis, ultri cies nec, pellentesque eu, pretium quis, sem. Nulla consequat massa quis enim.</span></p>
<p class=""des des_1"" data-mce-fragment=""1""> </p>
<h4 data-mce-fragment=""1"">Sample Ordered Lista</h4>
<ol class=""style_type_2"" data-mce-fragment=""1"">
<li data-mce-fragment=""1"">Comodous in tempor ullamcorper miaculis</li>
<li data-mce-fragment=""1"">Pellentesque vitae neque mollis urna mattis laoreet.</li>
<li data-mce-fragment=""1"">Divamus sit amet purus justo.</li>
<li data-mce-fragment=""1"">Proin molestie egestas orci ac suscipit risus posuere loremous</li>
</ol>
<br data-mce-fragment=""1"">
<h4 data-mce-fragment=""1"">Sample Paragraph Text</h4>
<p class=""des des_2"" data-mce-fragment=""1"">Nullam quis feugiat libero. Phasellus quis molestie massa. Donec in enim sed ex commodo auctor. Nam sagittis volutpat sollicitudin. Fusce sed erat pulvinar nulla aliquet ullamcorper vel et velit. Aliquam a quam ligula. Sed malesuada pulvinar vulputate. Vivamus pharetra metus nulla, a molestie quam luctus eget. Mauris orci risus, consectetur consequat metus quis, mollis eleifend eros.</p>
<p class=""des des_2"" data-mce-fragment=""1"">Sed quis quam sapien. Quisque convallis est enim, et fermentum massa consectetur non. Nam vel ante tempus, venenatis mi eget, tempus libero. In elementum nisi velit, nec mattis eros laoreet quis. Ut purus lacus, ultricies eget elit sed, tincidunt dapibus ligula. Praesent nisl magna, vehicula quis nulla eu, egestas viverra velit. Aliquam sodales, massa eu aliquam porttitor, urna magna venenatis tellus, eget pellentesque sem eros id ex. Cras convallis lacus sit amet nisl porta, sit amet semper lacus sodales.</p>",Vinova MotorGear,,GLOVES,"Gloves, Goggles, Helmet, Racing",true,Title,Default Title,,,,,"",0.0,shopify,80,deny,manual,90.00,,true,true,"",https://cdn.shopify.com/s/files/1/0674/7173/7051/files/2d-min_282bad4d-d1e1-49ef-a558-9774bb82a45f.png?v=1702354395,1,,false,,,,,,,,,,,,,,,kg,,,true,,,true,,,active
gloves-red-black-for-man-5,,,,,,,,,,,,,,,,,,,,,,,,,https://cdn.shopify.com/s/files/1/0674/7173/7051/files/2b-min_c557b1a0-ea76-4187-bdd7-456f02902edd.png?v=1702354395,2,,,,,,,,,,,,,,,,,,,,,,,,,,
gloves-red-black-for-man-5,,,,,,,,,,,,,,,,,,,,,,,,,https://cdn.shopify.com/s/files/1/0674/7173/7051/files/2g-min_b679e0bc-0a64-4d96-a5e4-79a70125a33d.png?v=1702354395,3,,,,,,,,,,,,,,,,,,,,,,,,,,
gloves-red-black-for-man-5,,,,,,,,,,,,,,,,,,,,,,,,,https://cdn.shopify.com/s/files/1/0674/7173/7051/files/2h-min_29ea71ab-88d4-41a9-9d51-1d9d76fca414.png?v=1702354395,4,,,,,,,,,,,,,,,,,,,,,,,,,,
gloves-red-black-for-man-5,,,,,,,,,,,,,,,,,,,,,,,,,https://cdn.shopify.com/s/files/1/0674/7173/7051/files/2i-min_7ebfdf61-0d51-4f3e-aef6-1d0ede3a4c53.png?v=1702354395,5,,,,,,,,,,,,,,,,,,,,,,,,,,
gloves-red-black-for-man-5,,,,,,,,,,,,,,,,,,,,,,,,,https://cdn.shopify.com/s/files/1/0674/7173/7051/files/2k-min_bbe36777-a6b7-4a04-b57f-07eaf7f7d418.png?v=1702354395,6,,,,,,,,,,,,,,,,,,,,,,,,,,
gloves-red-black-for-man-4,Gloves Red Black For Man 4,"<p class=""des des_1"" data-mce-fragment=""1""><span data-mce-fragment=""1"">IronCaptivate with this shirt’s versatile urban look that works as well at happy hour as it does in the back yard. The real mother of pearl buttons and embroidered crocodile complete its elegant appeal.Lorem ipsum dolor sit amet, consectetuer adipiscing elit. Aenean commodo ligula eget dolor. Aenean massa. Cum sociis natoque penatibus et magnis dis parturient montes, nascetur ridicu lus mus. Donec quam felis, ultri cies nec, pellentesque eu, pretium quis, sem. Nulla consequat massa quis enim.</span></p>
<p class=""des des_1"" data-mce-fragment=""1""> </p>
<h4 data-mce-fragment=""1"">Sample Ordered Lista</h4>
<ol class=""style_type_2"" data-mce-fragment=""1"">
<li data-mce-fragment=""1"">Comodous in tempor ullamcorper miaculis</li>
<li data-mce-fragment=""1"">Pellentesque vitae neque mollis urna mattis laoreet.</li>
<li data-mce-fragment=""1"">Divamus sit amet purus justo.</li>
<li data-mce-fragment=""1"">Proin molestie egestas orci ac suscipit risus posuere loremous</li>
</ol>
<br data-mce-fragment=""1"">
<h4 data-mce-fragment=""1"">Sample Paragraph Text</h4>
<p class=""des des_2"" data-mce-fragment=""1"">Nullam quis feugiat libero. Phasellus quis molestie massa. Donec in enim sed ex commodo auctor. Nam sagittis volutpat sollicitudin. Fusce sed erat pulvinar nulla aliquet ullamcorper vel et velit. Aliquam a quam ligula. Sed malesuada pulvinar vulputate. Vivamus pharetra metus nulla, a molestie quam luctus eget. Mauris orci risus, consectetur consequat metus quis, mollis eleifend eros.</p>
<p class=""des des_2"" data-mce-fragment=""1"">Sed quis quam sapien. Quisque convallis est enim, et fermentum massa consectetur non. Nam vel ante tempus, venenatis mi eget, tempus libero. In elementum nisi velit, nec mattis eros laoreet quis. Ut purus lacus, ultricies eget elit sed, tincidunt dapibus ligula. Praesent nisl magna, vehicula quis nulla eu, egestas viverra velit. Aliquam sodales, massa eu aliquam porttitor, urna magna venenatis tellus, eget pellentesque sem eros id ex. Cras convallis lacus sit amet nisl porta, sit amet semper lacus sodales.</p>",Vinova MotorGear,,GLOVES,"Gloves, Goggles, Helmet, Racing",true,Title,Default Title,,,,,"",0.0,shopify,150,deny,manual,75.00,,true,true,"",https://cdn.shopify.com/s/files/1/0674/7173/7051/files/2i-min.png?v=1702354311,1,,false,,,,,,,,,,,,,,,kg,,,true,,,true,,,active
gloves-red-black-for-man-4,,,,,,,,,,,,,,,,,,,,,,,,,https://cdn.shopify.com/s/files/1/0674/7173/7051/files/2c-min_e6b8c861-952f-4bcf-a9d2-33724e53df75.png?v=1702354311,2,,,,,,,,,,,,,,,,,,,,,,,,,,
gloves-red-black-for-man-4,,,,,,,,,,,,,,,,,,,,,,,,,https://cdn.shopify.com/s/files/1/0674/7173/7051/files/2f-min_b9ecabcd-8818-4b5b-8dea-ba26c4527d8c.png?v=1702354311,3,,,,,,,,,,,,,,,,,,,,,,,,,,
gloves-red-black-for-man-4,,,,,,,,,,,,,,,,,,,,,,,,,https://cdn.shopify.com/s/files/1/0674/7173/7051/files/2g-min_de1d38ab-05ee-4414-8c9f-7bd7cdc53cb1.png?v=1702354312,4,,,,,,,,,,,,,,,,,,,,,,,,,,
gloves-red-black-for-man-4,,,,,,,,,,,,,,,,,,,,,,,,,https://cdn.shopify.com/s/files/1/0674/7173/7051/files/2h-min_b437cc3e-7188-4338-bfc6-e410d70ddace.png?v=1702354312,5,,,,,,,,,,,,,,,,,,,,,,,,,,
gloves-red-black-for-man-4,,,,,,,,,,,,,,,,,,,,,,,,,https://cdn.shopify.com/s/files/1/0674/7173/7051/files/2k-min_7e30f0b0-6607-4298-b6b2-bca6809b2e87.png?v=1702354312,6,,,,,,,,,,,,,,,,,,,,,,,,,,
gloves-red-black-for-man-3,Gloves Red Black For Man 3,"<p class=""des des_1"" data-mce-fragment=""1""><span data-mce-fragment=""1"">IronCaptivate with this shirt’s versatile urban look that works as well at happy hour as it does in the back yard. The real mother of pearl buttons and embroidered crocodile complete its elegant appeal.Lorem ipsum dolor sit amet, consectetuer adipiscing elit. Aenean commodo ligula eget dolor. Aenean massa. Cum sociis natoque penatibus et magnis dis parturient montes, nascetur ridicu lus mus. Donec quam felis, ultri cies nec, pellentesque eu, pretium quis, sem. Nulla consequat massa quis enim.</span></p>
<p class=""des des_1"" data-mce-fragment=""1""> </p>
<h4 data-mce-fragment=""1"">Sample Ordered Lista</h4>
<ol class=""style_type_2"" data-mce-fragment=""1"">
<li data-mce-fragment=""1"">Comodous in tempor ullamcorper miaculis</li>
<li data-mce-fragment=""1"">Pellentesque vitae neque mollis urna mattis laoreet.</li>
<li data-mce-fragment=""1"">Divamus sit amet purus justo.</li>
<li data-mce-fragment=""1"">Proin molestie egestas orci ac suscipit risus posuere loremous</li>
</ol>
<br data-mce-fragment=""1"">
<h4 data-mce-fragment=""1"">Sample Paragraph Text</h4>
<p class=""des des_2"" data-mce-fragment=""1"">Nullam quis feugiat libero. Phasellus quis molestie massa. Donec in enim sed ex commodo auctor. Nam sagittis volutpat sollicitudin. Fusce sed erat pulvinar nulla aliquet ullamcorper vel et velit. Aliquam a quam ligula. Sed malesuada pulvinar vulputate. Vivamus pharetra metus nulla, a molestie quam luctus eget. Mauris orci risus, consectetur consequat metus quis, mollis eleifend eros.</p>
<p class=""des des_2"" data-mce-fragment=""1"">Sed quis quam sapien. Quisque convallis est enim, et fermentum massa consectetur non. Nam vel ante tempus, venenatis mi eget, tempus libero. In elementum nisi velit, nec mattis eros laoreet quis. Ut purus lacus, ultricies eget elit sed, tincidunt dapibus ligula. Praesent nisl magna, vehicula quis nulla eu, egestas viverra velit. Aliquam sodales, massa eu aliquam porttitor, urna magna venenatis tellus, eget pellentesque sem eros id ex. Cras convallis lacus sit amet nisl porta, sit amet semper lacus sodales.</p>",Vinova MotorGear,,GLOVES,"BOOTS, Gloves, Goggles, Racing",true,Title,Default Title,,,,,"",0.0,shopify,50,deny,manual,80.00,,true,true,"",https://cdn.shopify.com/s/files/1/0674/7173/7051/files/2g-min.png?v=1702354187,1,,false,,,,,,,,,,,,,,,kg,,,true,,,true,,,active
gloves-red-black-for-man-3,,,,,,,,,,,,,,,,,,,,,,,,,https://cdn.shopify.com/s/files/1/0674/7173/7051/files/2h-min.png?v=1702354187,2,,,,,,,,,,,,,,,,,,,,,,,,,,
gloves-red-black-for-man-3,,,,,,,,,,,,,,,,,,,,,,,,,https://cdn.shopify.com/s/files/1/0674/7173/7051/files/2a-min_4561019c-2092-43fa-8da5-10e75a1f18ef.png?v=1702354188,3,,,,,,,,,,,,,,,,,,,,,,,,,,
gloves-red-black-for-man-3,,,,,,,,,,,,,,,,,,,,,,,,,https://cdn.shopify.com/s/files/1/0674/7173/7051/files/2b-min_98690f37-9749-42f8-976f-46ad503c0f47.png?v=1702354188,4,,,,,,,,,,,,,,,,,,,,,,,,,,
gloves-red-black-for-man-3,,,,,,,,,,,,,,,,,,,,,,,,,https://cdn.shopify.com/s/files/1/0674/7173/7051/files/2c-min_2bac107d-8d0e-41a5-b15c-043191a26c20.png?v=1702354188,5,,,,,,,,,,,,,,,,,,,,,,,,,,
gloves-red-black-for-man-3,,,,,,,,,,,,,,,,,,,,,,,,,https://cdn.shopify.com/s/files/1/0674/7173/7051/files/2d-min_c72a4b3b-60ad-418b-8e29-3a897f684f43.png?v=1702354188,6,,,,,,,,,,,,,,,,,,,,,,,,,,
gloves-red-black-for-man-3,,,,,,,,,,,,,,,,,,,,,,,,,https://cdn.shopify.com/s/files/1/0674/7173/7051/files/2k-min_86104c85-2d02-4633-bb85-008bc2b0c5af.png?v=1702354188,7,,,,,,,,,,,,,,,,,,,,,,,,,,
gloves-red-black-for-man-2,Gloves Red Black For Man 2,"<p class=""des des_1"" data-mce-fragment=""1""><span data-mce-fragment=""1"">IronCaptivate with this shirt’s versatile urban look that works as well at happy hour as it does in the back yard. The real mother of pearl buttons and embroidered crocodile complete its elegant appeal.Lorem ipsum dolor sit amet, consectetuer adipiscing elit. Aenean commodo ligula eget dolor. Aenean massa. Cum sociis natoque penatibus et magnis dis parturient montes, nascetur ridicu lus mus. Donec quam felis, ultri cies nec, pellentesque eu, pretium quis, sem. Nulla consequat massa quis enim.</span></p>
<p class=""des des_1"" data-mce-fragment=""1""> </p>
<h4 data-mce-fragment=""1"">Sample Ordered Lista</h4>
<ol class=""style_type_2"" data-mce-fragment=""1"">
<li data-mce-fragment=""1"">Comodous in tempor ullamcorper miaculis</li>
<li data-mce-fragment=""1"">Pellentesque vitae neque mollis urna mattis laoreet.</li>
<li data-mce-fragment=""1"">Divamus sit amet purus justo.</li>
<li data-mce-fragment=""1"">Proin molestie egestas orci ac suscipit risus posuere loremous</li>
</ol>
<br data-mce-fragment=""1"">
<h4 data-mce-fragment=""1"">Sample Paragraph Text</h4>
<p class=""des des_2"" data-mce-fragment=""1"">Nullam quis feugiat libero. Phasellus quis molestie massa. Donec in enim sed ex commodo auctor. Nam sagittis volutpat sollicitudin. Fusce sed erat pulvinar nulla aliquet ullamcorper vel et velit. Aliquam a quam ligula. Sed malesuada pulvinar vulputate. Vivamus pharetra metus nulla, a molestie quam luctus eget. Mauris orci risus, consectetur consequat metus quis, mollis eleifend eros.</p>
<p class=""des des_2"" data-mce-fragment=""1"">Sed quis quam sapien. Quisque convallis est enim, et fermentum massa consectetur non. Nam vel ante tempus, venenatis mi eget, tempus libero. In elementum nisi velit, nec mattis eros laoreet quis. Ut purus lacus, ultricies eget elit sed, tincidunt dapibus ligula. Praesent nisl magna, vehicula quis nulla eu, egestas viverra velit. Aliquam sodales, massa eu aliquam porttitor, urna magna venenatis tellus, eget pellentesque sem eros id ex. Cras convallis lacus sit amet nisl porta, sit amet semper lacus sodales.</p>",Vinova MotorGear,,GLOVES,"Gloves, Goggles, Helmet, Racing",true,Title,Default Title,,,,,"",0.0,shopify,150,deny,manual,65.00,,true,true,"",https://cdn.shopify.com/s/files/1/0674/7173/7051/files/2k-min.png?v=1702354097,1,,false,,,,,,,,,,,,,,,kg,,,true,,,true,,,active
gloves-red-black-for-man-2,,,,,,,,,,,,,,,,,,,,,,,,,https://cdn.shopify.com/s/files/1/0674/7173/7051/files/2f-min.png?v=1702354097,2,,,,,,,,,,,,,,,,,,,,,,,,,,
gloves-red-black-for-man-2,,,,,,,,,,,,,,,,,,,,,,,,,https://cdn.shopify.com/s/files/1/0674/7173/7051/files/2a-min.png?v=1702354097,3,,,,,,,,,,,,,,,,,,,,,,,,,,
gloves-red-black-for-man-2,,,,,,,,,,,,,,,,,,,,,,,,,https://cdn.shopify.com/s/files/1/0674/7173/7051/files/2b-min.png?v=1702354097,4,,,,,,,,,,,,,,,,,,,,,,,,,,
gloves-red-black-for-man-2,,,,,,,,,,,,,,,,,,,,,,,,,https://cdn.shopify.com/s/files/1/0674/7173/7051/files/2c-min.png?v=1702354097,5,,,,,,,,,,,,,,,,,,,,,,,,,,
gloves-red-black-for-man-2,,,,,,,,,,,,,,,,,,,,,,,,,https://cdn.shopify.com/s/files/1/0674/7173/7051/files/2d-min.png?v=1702354097,6,,,,,,,,,,,,,,,,,,,,,,,,,,
fox-protection-jacket-baseframe-6,Fox Protection Jacket Baseframe 5,"<p class=""des des_1"" data-mce-fragment=""1""><span data-mce-fragment=""1"">IronCaptivate with this shirt’s versatile urban look that works as well at happy hour as it does in the back yard. The real mother of pearl buttons and embroidered crocodile complete its elegant appeal.Lorem ipsum dolor sit amet, consectetuer adipiscing elit. Aenean commodo ligula eget dolor. Aenean massa. Cum sociis natoque penatibus et magnis dis parturient montes, nascetur ridicu lus mus. Donec quam felis, ultri cies nec, pellentesque eu, pretium quis, sem. Nulla consequat massa quis enim.</span></p>
<p class=""des des_1"" data-mce-fragment=""1""> </p>
<h4 data-mce-fragment=""1"">Sample Ordered Lista</h4>
<ol class=""style_type_2"" data-mce-fragment=""1"">
<li data-mce-fragment=""1"">Comodous in tempor ullamcorper miaculis</li>
<li data-mce-fragment=""1"">Pellentesque vitae neque mollis urna mattis laoreet.</li>
<li data-mce-fragment=""1"">Divamus sit amet purus justo.</li>
<li data-mce-fragment=""1"">Proin molestie egestas orci ac suscipit risus posuere loremous</li>
</ol>
<br data-mce-fragment=""1"">
<h4 data-mce-fragment=""1"">Sample Paragraph Text</h4>
<p class=""des des_2"" data-mce-fragment=""1"">Nullam quis feugiat libero. Phasellus quis molestie massa. Donec in enim sed ex commodo auctor. Nam sagittis volutpat sollicitudin. Fusce sed erat pulvinar nulla aliquet ullamcorper vel et velit. Aliquam a quam ligula. Sed malesuada pulvinar vulputate. Vivamus pharetra metus nulla, a molestie quam luctus eget. Mauris orci risus, consectetur consequat metus quis, mollis eleifend eros.</p>
<p class=""des des_2"" data-mce-fragment=""1"">Sed quis quam sapien. Quisque convallis est enim, et fermentum massa consectetur non. Nam vel ante tempus, venenatis mi eget, tempus libero. In elementum nisi velit, nec mattis eros laoreet quis. Ut purus lacus, ultricies eget elit sed, tincidunt dapibus ligula. Praesent nisl magna, vehicula quis nulla eu, egestas viverra velit. Aliquam sodales, massa eu aliquam porttitor, urna magna venenatis tellus, eget pellentesque sem eros id ex. Cras convallis lacus sit amet nisl porta, sit amet semper lacus sodales.</p>",Vinova MotorGear,,Protective jacket,"Gloves, Goggles, Racing",true,Title,Default Title,,,,,"",0.0,shopify,100,deny,manual,190.00,,true,true,"",https://cdn.shopify.com/s/files/1/0674/7173/7051/files/8e-min_815e3591-1bef-4c7f-9a57-02c233173a9a.png?v=1702353933,1,,false,,,,,,,,,,,,,,,kg,,,true,,,true,,,active
fox-protection-jacket-baseframe-6,,,,,,,,,,,,,,,,,,,,,,,,,https://cdn.shopify.com/s/files/1/0674/7173/7051/files/8d-min_225af2b7-5d1f-47b3-bad9-5287032dc784.png?v=1702353942,2,,,,,,,,,,,,,,,,,,,,,,,,,,
fox-protection-jacket-baseframe-6,,,,,,,,,,,,,,,,,,,,,,,,,https://cdn.shopify.com/s/files/1/0674/7173/7051/files/8b-min_5c2c3981-4962-486b-8d75-d8e47e39b59e.png?v=1702353949,3,,,,,,,,,,,,,,,,,,,,,,,,,,
fox-protection-jacket-baseframe-6,,,,,,,,,,,,,,,,,,,,,,,,,https://cdn.shopify.com/s/files/1/0674/7173/7051/files/8g-min_bd0ec425-3045-4022-b586-91e4f648f40b.png?v=1702353949,4,,,,,,,,,,,,,,,,,,,,,,,,,,
fox-protection-jacket-baseframe-6,,,,,,,,,,,,,,,,,,,,,,,,,https://cdn.shopify.com/s/files/1/0674/7173/7051/files/8h-min_24e35824-f6e8-4fd8-b71d-08904db14f0e.png?v=1702353949,5,,,,,,,,,,,,,,,,,,,,,,,,,,
fox-protection-jacket-baseframe-6,,,,,,,,,,,,,,,,,,,,,,,,,https://cdn.shopify.com/s/files/1/0674/7173/7051/files/8i-min_7a2e97aa-37f5-4168-bc86-0ece1726bc46.png?v=1702353949,6,,,,,,,,,,,,,,,,,,,,,,,,,,
fox-protection-jacket-baseframe-6,,,,,,,,,,,,,,,,,,,,,,,,,https://cdn.shopify.com/s/files/1/0674/7173/7051/files/8k-min_86fcd8cb-8755-4500-b270-9959b5c6397d.png?v=1702353949,7,,,,,,,,,,,,,,,,,,,,,,,,,,
fox-protection-jacket-baseframe-4,Fox Protection Jacket Baseframe 3,"<p class=""des des_1"" data-mce-fragment=""1""><span data-mce-fragment=""1"">IronCaptivate with this shirt’s versatile urban look that works as well at happy hour as it does in the back yard. The real mother of pearl buttons and embroidered crocodile complete its elegant appeal.Lorem ipsum dolor sit amet, consectetuer adipiscing elit. Aenean commodo ligula eget dolor. Aenean massa. Cum sociis natoque penatibus et magnis dis parturient montes, nascetur ridicu lus mus. Donec quam felis, ultri cies nec, pellentesque eu, pretium quis, sem. Nulla consequat massa quis enim.</span></p>
<p class=""des des_1"" data-mce-fragment=""1""> </p>
<h4 data-mce-fragment=""1"">Sample Ordered Lista</h4>
<ol class=""style_type_2"" data-mce-fragment=""1"">
<li data-mce-fragment=""1"">Comodous in tempor ullamcorper miaculis</li>
<li data-mce-fragment=""1"">Pellentesque vitae neque mollis urna mattis laoreet.</li>
<li data-mce-fragment=""1"">Divamus sit amet purus justo.</li>
<li data-mce-fragment=""1"">Proin molestie egestas orci ac suscipit risus posuere loremous</li>
</ol>
<br data-mce-fragment=""1"">
<h4 data-mce-fragment=""1"">Sample Paragraph Text</h4>
<p class=""des des_2"" data-mce-fragment=""1"">Nullam quis feugiat libero. Phasellus quis molestie massa. Donec in enim sed ex commodo auctor. Nam sagittis volutpat sollicitudin. Fusce sed erat pulvinar nulla aliquet ullamcorper vel et velit. Aliquam a quam ligula. Sed malesuada pulvinar vulputate. Vivamus pharetra metus nulla, a molestie quam luctus eget. Mauris orci risus, consectetur consequat metus quis, mollis eleifend eros.</p>
<p class=""des des_2"" data-mce-fragment=""1"">Sed quis quam sapien. Quisque convallis est enim, et fermentum massa consectetur non. Nam vel ante tempus, venenatis mi eget, tempus libero. In elementum nisi velit, nec mattis eros laoreet quis. Ut purus lacus, ultricies eget elit sed, tincidunt dapibus ligula. Praesent nisl magna, vehicula quis nulla eu, egestas viverra velit. Aliquam sodales, massa eu aliquam porttitor, urna magna venenatis tellus, eget pellentesque sem eros id ex. Cras convallis lacus sit amet nisl porta, sit amet semper lacus sodales.</p>",Vinova MotorGear,,Protective jacket,"Gloves, Helmet",true,Title,Default Title,,,,,"",0.0,shopify,50,deny,manual,160.00,,true,true,"",https://cdn.shopify.com/s/files/1/0674/7173/7051/files/8g-min.png?v=1702353743,1,,false,,,,,,,,,,,,,,,kg,,,true,,,true,,,active
fox-protection-jacket-baseframe-4,,,,,,,,,,,,,,,,,,,,,,,,,https://cdn.shopify.com/s/files/1/0674/7173/7051/files/8h-min_10c7379d-5dc8-44e3-b3d6-1480b8d90d33.png?v=1702353743,2,,,,,,,,,,,,,,,,,,,,,,,,,,
fox-protection-jacket-baseframe-4,,,,,,,,,,,,,,,,,,,,,,,,,https://cdn.shopify.com/s/files/1/0674/7173/7051/files/8b-min.png?v=1702353743,3,,,,,,,,,,,,,,,,,,,,,,,,,,
fox-protection-jacket-baseframe-4,,,,,,,,,,,,,,,,,,,,,,,,,https://cdn.shopify.com/s/files/1/0674/7173/7051/files/8c-min_cd2d03cf-8b30-44fb-a4b6-5f0ff72061be.png?v=1702353744,4,,,,,,,,,,,,,,,,,,,,,,,,,,
fox-protection-jacket-baseframe-4,,,,,,,,,,,,,,,,,,,,,,,,,https://cdn.shopify.com/s/files/1/0674/7173/7051/files/8d-min_01fb4f26-1330-49d7-bfca-e409e0c53ed8.png?v=1702353744,5,,,,,,,,,,,,,,,,,,,,,,,,,,
fox-protection-jacket-baseframe-4,,,,,,,,,,,,,,,,,,,,,,,,,https://cdn.shopify.com/s/files/1/0674/7173/7051/files/8k-min_7c975731-d4bb-427e-9bb0-26575bf328e9.png?v=1702353744,6,,,,,,,,,,,,,,,,,,,,,,,,,,
fox-protection-jacket-baseframe-5,Fox Protection Jacket Baseframe 4,"<p class=""des des_1"" data-mce-fragment=""1""><span data-mce-fragment=""1"">IronCaptivate with this shirt’s versatile urban look that works as well at happy hour as it does in the back yard. The real mother of pearl buttons and embroidered crocodile complete its elegant appeal.Lorem ipsum dolor sit amet, consectetuer adipiscing elit. Aenean commodo ligula eget dolor. Aenean massa. Cum sociis natoque penatibus et magnis dis parturient montes, nascetur ridicu lus mus. Donec quam felis, ultri cies nec, pellentesque eu, pretium quis, sem. Nulla consequat massa quis enim.</span></p>
<p class=""des des_1"" data-mce-fragment=""1""> </p>
<h4 data-mce-fragment=""1"">Sample Ordered Lista</h4>
<ol class=""style_type_2"" data-mce-fragment=""1"">
<li data-mce-fragment=""1"">Comodous in tempor ullamcorper miaculis</li>
<li data-mce-fragment=""1"">Pellentesque vitae neque mollis urna mattis laoreet.</li>
<li data-mce-fragment=""1"">Divamus sit amet purus justo.</li>
<li data-mce-fragment=""1"">Proin molestie egestas orci ac suscipit risus posuere loremous</li>
</ol>
<br data-mce-fragment=""1"">
<h4 data-mce-fragment=""1"">Sample Paragraph Text</h4>
<p class=""des des_2"" data-mce-fragment=""1"">Nullam quis feugiat libero. Phasellus quis molestie massa. Donec in enim sed ex commodo auctor. Nam sagittis volutpat sollicitudin. Fusce sed erat pulvinar nulla aliquet ullamcorper vel et velit. Aliquam a quam ligula. Sed malesuada pulvinar vulputate. Vivamus pharetra metus nulla, a molestie quam luctus eget. Mauris orci risus, consectetur consequat metus quis, mollis eleifend eros.</p>
<p class=""des des_2"" data-mce-fragment=""1"">Sed quis quam sapien. Quisque convallis est enim, et fermentum massa consectetur non. Nam vel ante tempus, venenatis mi eget, tempus libero. In elementum nisi velit, nec mattis eros laoreet quis. Ut purus lacus, ultricies eget elit sed, tincidunt dapibus ligula. Praesent nisl magna, vehicula quis nulla eu, egestas viverra velit. Aliquam sodales, massa eu aliquam porttitor, urna magna venenatis tellus, eget pellentesque sem eros id ex. Cras convallis lacus sit amet nisl porta, sit amet semper lacus sodales.</p>",Vinova MotorGear,,Protective jacket,"Gloves, Goggles, Helmet, Racing",true,Title,Default Title,,,,,"",0.0,shopify,100,deny,manual,185.00,,true,true,"",https://cdn.shopify.com/s/files/1/0674/7173/7051/files/8f-min_228e2c42-779b-4429-9ea6-c9a17ac92cbd.png?v=1702353847,1,,false,,,,,,,,,,,,,,,kg,,,true,,,true,,,active
fox-protection-jacket-baseframe-5,,,,,,,,,,,,,,,,,,,,,,,,,https://cdn.shopify.com/s/files/1/0674/7173/7051/files/8e-min.png?v=1702353847,2,,,,,,,,,,,,,,,,,,,,,,,,,,
fox-protection-jacket-baseframe-5,,,,,,,,,,,,,,,,,,,,,,,,,https://cdn.shopify.com/s/files/1/0674/7173/7051/files/8a-min.png?v=1702353847,3,,,,,,,,,,,,,,,,,,,,,,,,,,
fox-protection-jacket-baseframe-5,,,,,,,,,,,,,,,,,,,,,,,,,https://cdn.shopify.com/s/files/1/0674/7173/7051/files/8i-min_e17000e7-d71c-4fd3-9138-778876e38ba8.png?v=1702353847,4,,,,,,,,,,,,,,,,,,,,,,,,,,
fox-protection-jacket-baseframe-5,,,,,,,,,,,,,,,,,,,,,,,,,https://cdn.shopify.com/s/files/1/0674/7173/7051/files/8c-min_63a582f0-4782-4401-a4da-f7d30988a85d.png?v=1702353847,5,,,,,,,,,,,,,,,,,,,,,,,,,,
fox-protection-jacket-baseframe-5,,,,,,,,,,,,,,,,,,,,,,,,,https://cdn.shopify.com/s/files/1/0674/7173/7051/files/8d-min_57cfb200-8dce-4d66-86f5-026f2a899c83.png?v=1702353847,6,,,,,,,,,,,,,,,,,,,,,,,,,,
fox-protection-jacket-baseframe-2,Fox Protection Jacket Baseframe 2,"<p class=""des des_1"" data-mce-fragment=""1""><span data-mce-fragment=""1"">IronCaptivate with this shirt’s versatile urban look that works as well at happy hour as it does in the back yard. The real mother of pearl buttons and embroidered crocodile complete its elegant appeal.Lorem ipsum dolor sit amet, consectetuer adipiscing elit. Aenean commodo ligula eget dolor. Aenean massa. Cum sociis natoque penatibus et magnis dis parturient montes, nascetur ridicu lus mus. Donec quam felis, ultri cies nec, pellentesque eu, pretium quis, sem. Nulla consequat massa quis enim.</span></p>
<p class=""des des_1"" data-mce-fragment=""1""> </p>
<h4 data-mce-fragment=""1"">Sample Ordered Lista</h4>
<ol class=""style_type_2"" data-mce-fragment=""1"">
<li data-mce-fragment=""1"">Comodous in tempor ullamcorper miaculis</li>
<li data-mce-fragment=""1"">Pellentesque vitae neque mollis urna mattis laoreet.</li>
<li data-mce-fragment=""1"">Divamus sit amet purus justo.</li>
<li data-mce-fragment=""1"">Proin molestie egestas orci ac suscipit risus posuere loremous</li>
</ol>
<br data-mce-fragment=""1"">
<h4 data-mce-fragment=""1"">Sample Paragraph Text</h4>
<p class=""des des_2"" data-mce-fragment=""1"">Nullam quis feugiat libero. Phasellus quis molestie massa. Donec in enim sed ex commodo auctor. Nam sagittis volutpat sollicitudin. Fusce sed erat pulvinar nulla aliquet ullamcorper vel et velit. Aliquam a quam ligula. Sed malesuada pulvinar vulputate. Vivamus pharetra metus nulla, a molestie quam luctus eget. Mauris orci risus, consectetur consequat metus quis, mollis eleifend eros.</p>
<p class=""des des_2"" data-mce-fragment=""1"">Sed quis quam sapien. Quisque convallis est enim, et fermentum massa consectetur non. Nam vel ante tempus, venenatis mi eget, tempus libero. In elementum nisi velit, nec mattis eros laoreet quis. Ut purus lacus, ultricies eget elit sed, tincidunt dapibus ligula. Praesent nisl magna, vehicula quis nulla eu, egestas viverra velit. Aliquam sodales, massa eu aliquam porttitor, urna magna venenatis tellus, eget pellentesque sem eros id ex. Cras convallis lacus sit amet nisl porta, sit amet semper lacus sodales.</p>",Vinova MotorGear,,Protective jacket,"Gloves, Goggles, Helmet, Racing",true,Title,Default Title,,,,,"",0.0,shopify,250,deny,manual,125.00,,true,true,"",https://cdn.shopify.com/s/files/1/0674/7173/7051/files/8c-min.png?v=1702353439,1,,false,,,,,,,,,,,,,,,kg,,,true,,,true,,,active
fox-protection-jacket-baseframe-2,,,,,,,,,,,,,,,,,,,,,,,,,https://cdn.shopify.com/s/files/1/0674/7173/7051/files/8d-min.png?v=1702353439,2,,,,,,,,,,,,,,,,,,,,,,,,,,
fox-protection-jacket-baseframe-2,,,,,,,,,,,,,,,,,,,,,,,,,https://cdn.shopify.com/s/files/1/0674/7173/7051/files/8f-min.png?v=1702353439,3,,,,,,,,,,,,,,,,,,,,,,,,,,
fox-protection-jacket-baseframe-2,,,,,,,,,,,,,,,,,,,,,,,,,https://cdn.shopify.com/s/files/1/0674/7173/7051/files/8h-min.png?v=1702353439,4,,,,,,,,,,,,,,,,,,,,,,,,,,
fox-protection-jacket-baseframe-2,,,,,,,,,,,,,,,,,,,,,,,,,https://cdn.shopify.com/s/files/1/0674/7173/7051/files/8i-min.png?v=1702353439,5,,,,,,,,,,,,,,,,,,,,,,,,,,
fox-protection-jacket-baseframe-2,,,,,,,,,,,,,,,,,,,,,,,,,https://cdn.shopify.com/s/files/1/0674/7173/7051/files/8k-min.png?v=1702353439,6,,,,,,,,,,,,,,,,,,,,,,,,,,
motorbike-sprocket,Motorbike sprocket,"<p class=""des des_1"" data-mce-fragment=""1""><span data-mce-fragment=""1"">IronCaptivate with this shirt’s versatile urban look that works as well at happy hour as it does in the back yard. The real mother of pearl buttons and embroidered crocodile complete its elegant appeal.Lorem ipsum dolor sit amet, consectetuer adipiscing elit. Aenean commodo ligula eget dolor. Aenean massa. Cum sociis natoque penatibus et magnis dis parturient montes, nascetur ridicu lus mus. Donec quam felis, ultri cies nec, pellentesque eu, pretium quis, sem. Nulla consequat massa quis enim.</span></p>
<p class=""des des_1"" data-mce-fragment=""1""> </p>
<h4 data-mce-fragment=""1"">Sample Ordered Lista</h4>
<ol class=""style_type_2"" data-mce-fragment=""1"">
<li data-mce-fragment=""1"">Comodous in tempor ullamcorper miaculis</li>
<li data-mce-fragment=""1"">Pellentesque vitae neque mollis urna mattis laoreet.</li>
<li data-mce-fragment=""1"">Divamus sit amet purus justo.</li>
<li data-mce-fragment=""1"">Proin molestie egestas orci ac suscipit risus posuere loremous</li>
</ol>
<br data-mce-fragment=""1"">
<h4 data-mce-fragment=""1"">Sample Paragraph Text</h4>
<p class=""des des_2"" data-mce-fragment=""1"">Nullam quis feugiat libero. Phasellus quis molestie massa. Donec in enim sed ex commodo auctor. Nam sagittis volutpat sollicitudin. Fusce sed erat pulvinar nulla aliquet ullamcorper vel et velit. Aliquam a quam ligula. Sed malesuada pulvinar vulputate. Vivamus pharetra metus nulla, a molestie quam luctus eget. Mauris orci risus, consectetur consequat metus quis, mollis eleifend eros.</p>
<p class=""des des_2"" data-mce-fragment=""1"">Sed quis quam sapien. Quisque convallis est enim, et fermentum massa consectetur non. Nam vel ante tempus, venenatis mi eget, tempus libero. In elementum nisi velit, nec mattis eros laoreet quis. Ut purus lacus, ultricies eget elit sed, tincidunt dapibus ligula. Praesent nisl magna, vehicula quis nulla eu, egestas viverra velit. Aliquam sodales, massa eu aliquam porttitor, urna magna venenatis tellus, eget pellentesque sem eros id ex. Cras convallis lacus sit amet nisl porta, sit amet semper lacus sodales.</p>",Vinova MotorGear,,Motorcycle,"Gloves, Goggles, Helmet, Racing",true,Title,Default Title,,,,,"",0.0,shopify,80,deny,manual,80.00,,true,true,"",https://cdn.shopify.com/s/files/1/0674/7173/7051/files/20a.png?v=1700637927,1,,false,,,,,,,,,,,,,,,kg,,,true,,,true,,,active
motorbike-sprocket,,,,,,,,,,,,,,,,,,,,,,,,,https://cdn.shopify.com/s/files/1/0674/7173/7051/files/20b.png?v=1700637928,2,,,,,,,,,,,,,,,,,,,,,,,,,,
motorbike-sprocket,,,,,,,,,,,,,,,,,,,,,,,,,https://cdn.shopify.com/s/files/1/0674/7173/7051/files/20c.png?v=1700637928,3,,,,,,,,,,,,,,,,,,,,,,,,,,
motorbike-sprocket,,,,,,,,,,,,,,,,,,,,,,,,,https://cdn.shopify.com/s/files/1/0674/7173/7051/files/20d.png?v=1700637928,4,,,,,,,,,,,,,,,,,,,,,,,,,,
motorbike-sprocket,,,,,,,,,,,,,,,,,,,,,,,,,https://cdn.shopify.com/s/files/1/0674/7173/7051/files/20e.png?v=1700637928,5,,,,,,,,,,,,,,,,,,,,,,,,,,
terrain-bike-lip,Terrain Motorcycle lip,"<p class=""des des_1"" data-mce-fragment=""1""><span data-mce-fragment=""1"">IronCaptivate with this shirt’s versatile urban look that works as well at happy hour as it does in the back yard. The real mother of pearl buttons and embroidered crocodile complete its elegant appeal.Lorem ipsum dolor sit amet, consectetuer adipiscing elit. Aenean commodo ligula eget dolor. Aenean massa. Cum sociis natoque penatibus et magnis dis parturient montes, nascetur ridicu lus mus. Donec quam felis, ultri cies nec, pellentesque eu, pretium quis, sem. Nulla consequat massa quis enim.</span></p>
<p class=""des des_1"" data-mce-fragment=""1""> </p>
<h4 data-mce-fragment=""1"">Sample Ordered Lista</h4>
<ol class=""style_type_2"" data-mce-fragment=""1"">
<li data-mce-fragment=""1"">Comodous in tempor ullamcorper miaculis</li>
<li data-mce-fragment=""1"">Pellentesque vitae neque mollis urna mattis laoreet.</li>
<li data-mce-fragment=""1"">Divamus sit amet purus justo.</li>
<li data-mce-fragment=""1"">Proin molestie egestas orci ac suscipit risus posuere loremous</li>
</ol>
<br data-mce-fragment=""1"">
<h4 data-mce-fragment=""1"">Sample Paragraph Text</h4>
<p class=""des des_2"" data-mce-fragment=""1"">Nullam quis feugiat libero. Phasellus quis molestie massa. Donec in enim sed ex commodo auctor. Nam sagittis volutpat sollicitudin. Fusce sed erat pulvinar nulla aliquet ullamcorper vel et velit. Aliquam a quam ligula. Sed malesuada pulvinar vulputate. Vivamus pharetra metus nulla, a molestie quam luctus eget. Mauris orci risus, consectetur consequat metus quis, mollis eleifend eros.</p>
<p class=""des des_2"" data-mce-fragment=""1"">Sed quis quam sapien. Quisque convallis est enim, et fermentum massa consectetur non. Nam vel ante tempus, venenatis mi eget, tempus libero. In elementum nisi velit, nec mattis eros laoreet quis. Ut purus lacus, ultricies eget elit sed, tincidunt dapibus ligula. Praesent nisl magna, vehicula quis nulla eu, egestas viverra velit. Aliquam sodales, massa eu aliquam porttitor, urna magna venenatis tellus, eget pellentesque sem eros id ex. Cras convallis lacus sit amet nisl porta, sit amet semper lacus sodales.</p>",Vinova MotorGear,,Motorcycle,"Gloves, Goggles, Helmet, Racing",true,Title,Default Title,,,,,"",0.0,shopify,150,deny,manual,150.00,,true,true,"",https://cdn.shopify.com/s/files/1/0674/7173/7051/files/19a.png?v=1700637518,1,,false,,,,,,,,,,,,,,,kg,,,true,,,true,,,active
terrain-bike-lip,,,,,,,,,,,,,,,,,,,,,,,,,https://cdn.shopify.com/s/files/1/0674/7173/7051/files/19b.png?v=1700637518,2,,,,,,,,,,,,,,,,,,,,,,,,,,
terrain-bike-lip,,,,,,,,,,,,,,,,,,,,,,,,,https://cdn.shopify.com/s/files/1/0674/7173/7051/files/19c.png?v=1700637519,3,,,,,,,,,,,,,,,,,,,,,,,,,,
terrain-bike-lip,,,,,,,,,,,,,,,,,,,,,,,,,https://cdn.shopify.com/s/files/1/0674/7173/7051/files/19d.png?v=1700637519,4,,,,,,,,,,,,,,,,,,,,,,,,,,
terrain-bike-lip,,,,,,,,,,,,,,,,,,,,,,,,,https://cdn.shopify.com/s/files/1/0674/7173/7051/files/19e.png?v=1700637519,5,,,,,,,,,,,,,,,,,,,,,,,,,,
chain-for-racing-motorbikes,Chain for racing motorbikes,"<p class=""des des_1"" data-mce-fragment=""1""><span data-mce-fragment=""1"">IronCaptivate with this shirt’s versatile urban look that works as well at happy hour as it does in the back yard. The real mother of pearl buttons and embroidered crocodile complete its elegant appeal.Lorem ipsum dolor sit amet, consectetuer adipiscing elit. Aenean commodo ligula eget dolor. Aenean massa. Cum sociis natoque penatibus et magnis dis parturient montes, nascetur ridicu lus mus. Donec quam felis, ultri cies nec, pellentesque eu, pretium quis, sem. Nulla consequat massa quis enim.</span></p>
<p class=""des des_1"" data-mce-fragment=""1""> </p>
<h4 data-mce-fragment=""1"">Sample Ordered Lista</h4>
<ol class=""style_type_2"" data-mce-fragment=""1"">
<li data-mce-fragment=""1"">Comodous in tempor ullamcorper miaculis</li>
<li data-mce-fragment=""1"">Pellentesque vitae neque mollis urna mattis laoreet.</li>
<li data-mce-fragment=""1"">Divamus sit amet purus justo.</li>
<li data-mce-fragment=""1"">Proin molestie egestas orci ac suscipit risus posuere loremous</li>
</ol>
<br data-mce-fragment=""1"">
<h4 data-mce-fragment=""1"">Sample Paragraph Text</h4>
<p class=""des des_2"" data-mce-fragment=""1"">Nullam quis feugiat libero. Phasellus quis molestie massa. Donec in enim sed ex commodo auctor. Nam sagittis volutpat sollicitudin. Fusce sed erat pulvinar nulla aliquet ullamcorper vel et velit. Aliquam a quam ligula. Sed malesuada pulvinar vulputate. Vivamus pharetra metus nulla, a molestie quam luctus eget. Mauris orci risus, consectetur consequat metus quis, mollis eleifend eros.</p>
<p class=""des des_2"" data-mce-fragment=""1"">Sed quis quam sapien. Quisque convallis est enim, et fermentum massa consectetur non. Nam vel ante tempus, venenatis mi eget, tempus libero. In elementum nisi velit, nec mattis eros laoreet quis. Ut purus lacus, ultricies eget elit sed, tincidunt dapibus ligula. Praesent nisl magna, vehicula quis nulla eu, egestas viverra velit. Aliquam sodales, massa eu aliquam porttitor, urna magna venenatis tellus, eget pellentesque sem eros id ex. Cras convallis lacus sit amet nisl porta, sit amet semper lacus sodales.</p>",Vinova MotorGear,,Motorcycle,"Gloves, Goggles, Helmet, Racing",true,Title,Default Title,,,,,"",0.0,shopify,80,deny,manual,88.00,,true,true,"",https://cdn.shopify.com/s/files/1/0674/7173/7051/files/18a.png?v=1700637260,1,,false,,,,,,,,,,,,,,,kg,,,true,,,true,,,active
chain-for-racing-motorbikes,,,,,,,,,,,,,,,,,,,,,,,,,https://cdn.shopify.com/s/files/1/0674/7173/7051/files/18b.png?v=1700637260,2,,,,,,,,,,,,,,,,,,,,,,,,,,
chain-for-racing-motorbikes,,,,,,,,,,,,,,,,,,,,,,,,,https://cdn.shopify.com/s/files/1/0674/7173/7051/files/18c.png?v=1700637260,3,,,,,,,,,,,,,,,,,,,,,,,,,,
chain-for-racing-motorbikes,,,,,,,,,,,,,,,,,,,,,,,,,https://cdn.shopify.com/s/files/1/0674/7173/7051/files/18d.png?v=1700637260,4,,,,,,,,,,,,,,,,,,,,,,,,,,
chain-for-racing-motorbikes,,,,,,,,,,,,,,,,,,,,,,,,,https://cdn.shopify.com/s/files/1/0674/7173/7051/files/18e.png?v=1700637260,5,,,,,,,,,,,,,,,,,,,,,,,,,,
retrovisor-stallion-mirror,Retrovisor Stallion Mirror,"<p class=""des des_1"" data-mce-fragment=""1""><span data-mce-fragment=""1"">IronCaptivate with this shirt’s versatile urban look that works as well at happy hour as it does in the back yard. The real mother of pearl buttons and embroidered crocodile complete its elegant appeal.Lorem ipsum dolor sit amet, consectetuer adipiscing elit. Aenean commodo ligula eget dolor. Aenean massa. Cum sociis natoque penatibus et magnis dis parturient montes, nascetur ridicu lus mus. Donec quam felis, ultri cies nec, pellentesque eu, pretium quis, sem. Nulla consequat massa quis enim.</span></p>
<p class=""des des_1"" data-mce-fragment=""1""> </p>
<h4 data-mce-fragment=""1"">Sample Ordered Lista</h4>
<ol class=""style_type_2"" data-mce-fragment=""1"">
<li data-mce-fragment=""1"">Comodous in tempor ullamcorper miaculis</li>
<li data-mce-fragment=""1"">Pellentesque vitae neque mollis urna mattis laoreet.</li>
<li data-mce-fragment=""1"">Divamus sit amet purus justo.</li>
<li data-mce-fragment=""1"">Proin molestie egestas orci ac suscipit risus posuere loremous</li>
</ol>
<br data-mce-fragment=""1"">
<h4 data-mce-fragment=""1"">Sample Paragraph Text</h4>
<p class=""des des_2"" data-mce-fragment=""1"">Nullam quis feugiat libero. Phasellus quis molestie massa. Donec in enim sed ex commodo auctor. Nam sagittis volutpat sollicitudin. Fusce sed erat pulvinar nulla aliquet ullamcorper vel et velit. Aliquam a quam ligula. Sed malesuada pulvinar vulputate. Vivamus pharetra metus nulla, a molestie quam luctus eget. Mauris orci risus, consectetur consequat metus quis, mollis eleifend eros.</p>
<p class=""des des_2"" data-mce-fragment=""1"">Sed quis quam sapien. Quisque convallis est enim, et fermentum massa consectetur non. Nam vel ante tempus, venenatis mi eget, tempus libero. In elementum nisi velit, nec mattis eros laoreet quis. Ut purus lacus, ultricies eget elit sed, tincidunt dapibus ligula. Praesent nisl magna, vehicula quis nulla eu, egestas viverra velit. Aliquam sodales, massa eu aliquam porttitor, urna magna venenatis tellus, eget pellentesque sem eros id ex. Cras convallis lacus sit amet nisl porta, sit amet semper lacus sodales.</p>",Vinova MotorGear,,MIRROR,"Gloves, Goggles, Helmet, Racing",true,Title,Default Title,,,,,"",0.0,shopify,150,deny,manual,66.00,,true,true,"",https://cdn.shopify.com/s/files/1/0674/7173/7051/files/17a.png?v=1700636989,1,,false,,,,,,,,,,,,,,,kg,,,true,,,true,,,active
retrovisor-stallion-mirror,,,,,,,,,,,,,,,,,,,,,,,,,https://cdn.shopify.com/s/files/1/0674/7173/7051/files/17b.png?v=1700636989,2,,,,,,,,,,,,,,,,,,,,,,,,,,
retrovisor-stallion-mirror,,,,,,,,,,,,,,,,,,,,,,,,,https://cdn.shopify.com/s/files/1/0674/7173/7051/files/17c.png?v=1700636989,3,,,,,,,,,,,,,,,,,,,,,,,,,,
retrovisor-stallion-mirror,,,,,,,,,,,,,,,,,,,,,,,,,https://cdn.shopify.com/s/files/1/0674/7173/7051/files/17d.png?v=1700636989,4,,,,,,,,,,,,,,,,,,,,,,,,,,
retrovisor-stallion-mirror,,,,,,,,,,,,,,,,,,,,,,,,,https://cdn.shopify.com/s/files/1/0674/7173/7051/files/17e.png?v=1700636989,5,,,,,,,,,,,,,,,,,,,,,,,,,,
brake-disc-and-red-calliper,Brake Disc And Red Calliper,"<p class=""des des_1"" data-mce-fragment=""1""><span data-mce-fragment=""1"">IronCaptivate with this shirt’s versatile urban look that works as well at happy hour as it does in the back yard. The real mother of pearl buttons and embroidered crocodile complete its elegant appeal.Lorem ipsum dolor sit amet, consectetuer adipiscing elit. Aenean commodo ligula eget dolor. Aenean massa. Cum sociis natoque penatibus et magnis dis parturient montes, nascetur ridicu lus mus. Donec quam felis, ultri cies nec, pellentesque eu, pretium quis, sem. Nulla consequat massa quis enim.</span></p>
<p class=""des des_1"" data-mce-fragment=""1""> </p>
<h4 data-mce-fragment=""1"">Sample Ordered Lista</h4>
<ol class=""style_type_2"" data-mce-fragment=""1"">
<li data-mce-fragment=""1"">Comodous in tempor ullamcorper miaculis</li>
<li data-mce-fragment=""1"">Pellentesque vitae neque mollis urna mattis laoreet.</li>
<li data-mce-fragment=""1"">Divamus sit amet purus justo.</li>
<li data-mce-fragment=""1"">Proin molestie egestas orci ac suscipit risus posuere loremous</li>
</ol>
<br data-mce-fragment=""1"">
<h4 data-mce-fragment=""1"">Sample Paragraph Text</h4>
<p class=""des des_2"" data-mce-fragment=""1"">Nullam quis feugiat libero. Phasellus quis molestie massa. Donec in enim sed ex commodo auctor. Nam sagittis volutpat sollicitudin. Fusce sed erat pulvinar nulla aliquet ullamcorper vel et velit. Aliquam a quam ligula. Sed malesuada pulvinar vulputate. Vivamus pharetra metus nulla, a molestie quam luctus eget. Mauris orci risus, consectetur consequat metus quis, mollis eleifend eros.</p>
<p class=""des des_2"" data-mce-fragment=""1"">Sed quis quam sapien. Quisque convallis est enim, et fermentum massa consectetur non. Nam vel ante tempus, venenatis mi eget, tempus libero. In elementum nisi velit, nec mattis eros laoreet quis. Ut purus lacus, ultricies eget elit sed, tincidunt dapibus ligula. Praesent nisl magna, vehicula quis nulla eu, egestas viverra velit. Aliquam sodales, massa eu aliquam porttitor, urna magna venenatis tellus, eget pellentesque sem eros id ex. Cras convallis lacus sit amet nisl porta, sit amet semper lacus sodales.</p>",Vinova MotorGear,,Brake,"Gloves, Goggles, Helmet, Racing",true,Title,Default Title,,,,,"",0.0,shopify,200,deny,manual,189.00,,true,true,"",https://cdn.shopify.com/s/files/1/0674/7173/7051/files/16a.png?v=1700636882,1,,false,,,,,,,,,,,,,,,kg,,,true,,,true,,,active
brake-disc-and-red-calliper,,,,,,,,,,,,,,,,,,,,,,,,,https://cdn.shopify.com/s/files/1/0674/7173/7051/files/16b.png?v=1700636882,2,,,,,,,,,,,,,,,,,,,,,,,,,,
brake-disc-and-red-calliper,,,,,,,,,,,,,,,,,,,,,,,,,https://cdn.shopify.com/s/files/1/0674/7173/7051/files/16c.png?v=1700636882,3,,,,,,,,,,,,,,,,,,,,,,,,,,
brake-disc-and-red-calliper,,,,,,,,,,,,,,,,,,,,,,,,,https://cdn.shopify.com/s/files/1/0674/7173/7051/files/16d.png?v=1700636882,4,,,,,,,,,,,,,,,,,,,,,,,,,,
brake-disc-and-red-calliper,,,,,,,,,,,,,,,,,,,,,,,,,https://cdn.shopify.com/s/files/1/0674/7173/7051/files/16e.png?v=1700636882,5,,,,,,,,,,,,,,,,,,,,,,,,,,
radlichter-led-fahhrad-radsport,Radlichter LED Fahhrad Radsport,"<p class=""des des_1"" data-mce-fragment=""1""><span data-mce-fragment=""1"">IronCaptivate with this shirt’s versatile urban look that works as well at happy hour as it does in the back yard. The real mother of pearl buttons and embroidered crocodile complete its elegant appeal.Lorem ipsum dolor sit amet, consectetuer adipiscing elit. Aenean commodo ligula eget dolor. Aenean massa. Cum sociis natoque penatibus et magnis dis parturient montes, nascetur ridicu lus mus. Donec quam felis, ultri cies nec, pellentesque eu, pretium quis, sem. Nulla consequat massa quis enim.</span></p>
<p class=""des des_1"" data-mce-fragment=""1""> </p>
<h4 data-mce-fragment=""1"">Sample Ordered Lista</h4>
<ol class=""style_type_2"" data-mce-fragment=""1"">
<li data-mce-fragment=""1"">Comodous in tempor ullamcorper miaculis</li>
<li data-mce-fragment=""1"">Pellentesque vitae neque mollis urna mattis laoreet.</li>
<li data-mce-fragment=""1"">Divamus sit amet purus justo.</li>
<li data-mce-fragment=""1"">Proin molestie egestas orci ac suscipit risus posuere loremous</li>
</ol>
<br data-mce-fragment=""1"">
<h4 data-mce-fragment=""1"">Sample Paragraph Text</h4>
<p class=""des des_2"" data-mce-fragment=""1"">Nullam quis feugiat libero. Phasellus quis molestie massa. Donec in enim sed ex commodo auctor. Nam sagittis volutpat sollicitudin. Fusce sed erat pulvinar nulla aliquet ullamcorper vel et velit. Aliquam a quam ligula. Sed malesuada pulvinar vulputate. Vivamus pharetra metus nulla, a molestie quam luctus eget. Mauris orci risus, consectetur consequat metus quis, mollis eleifend eros.</p>
<p class=""des des_2"" data-mce-fragment=""1"">Sed quis quam sapien. Quisque convallis est enim, et fermentum massa consectetur non. Nam vel ante tempus, venenatis mi eget, tempus libero. In elementum nisi velit, nec mattis eros laoreet quis. Ut purus lacus, ultricies eget elit sed, tincidunt dapibus ligula. Praesent nisl magna, vehicula quis nulla eu, egestas viverra velit. Aliquam sodales, massa eu aliquam porttitor, urna magna venenatis tellus, eget pellentesque sem eros id ex. Cras convallis lacus sit amet nisl porta, sit amet semper lacus sodales.</p>",Vinova MotorGear,,HEADLIGHT,"Gloves, Goggles, Helmet, Racing",true,Title,Default Title,,,,,"",0.0,shopify,250,deny,manual,69.00,,true,true,"",https://cdn.shopify.com/s/files/1/0674/7173/7051/files/15a.png?v=1700636772,1,,false,,,,,,,,,,,,,,,kg,,,true,,,true,,,active
radlichter-led-fahhrad-radsport,,,,,,,,,,,,,,,,,,,,,,,,,https://cdn.shopify.com/s/files/1/0674/7173/7051/files/15b.png?v=1700636772,2,,,,,,,,,,,,,,,,,,,,,,,,,,
radlichter-led-fahhrad-radsport,,,,,,,,,,,,,,,,,,,,,,,,,https://cdn.shopify.com/s/files/1/0674/7173/7051/files/15c.png?v=1700636772,3,,,,,,,,,,,,,,,,,,,,,,,,,,
radlichter-led-fahhrad-radsport,,,,,,,,,,,,,,,,,,,,,,,,,https://cdn.shopify.com/s/files/1/0674/7173/7051/files/15d.png?v=1700636772,4,,,,,,,,,,,,,,,,,,,,,,,,,,
radlichter-led-fahhrad-radsport,,,,,,,,,,,,,,,,,,,,,,,,,https://cdn.shopify.com/s/files/1/0674/7173/7051/files/15e.png?v=1700636772,5,,,,,,,,,,,,,,,,,,,,,,,,,,
diablo-rosso™-iii-motorcycle-tyre,DIABLO ROSSO™ III - Motorcycle tyre,"<p class=""des des_1"" data-mce-fragment=""1""><span data-mce-fragment=""1"">IronCaptivate with this shirt’s versatile urban look that works as well at happy hour as it does in the back yard. The real mother of pearl buttons and embroidered crocodile complete its elegant appeal.Lorem ipsum dolor sit amet, consectetuer adipiscing elit. Aenean commodo ligula eget dolor. Aenean massa. Cum sociis natoque penatibus et magnis dis parturient montes, nascetur ridicu lus mus. Donec quam felis, ultri cies nec, pellentesque eu, pretium quis, sem. Nulla consequat massa quis enim.</span></p>
<p class=""des des_1"" data-mce-fragment=""1""> </p>
<h4 data-mce-fragment=""1"">Sample Ordered Lista</h4>
<ol class=""style_type_2"" data-mce-fragment=""1"">
<li data-mce-fragment=""1"">Comodous in tempor ullamcorper miaculis</li>
<li data-mce-fragment=""1"">Pellentesque vitae neque mollis urna mattis laoreet.</li>
<li data-mce-fragment=""1"">Divamus sit amet purus justo.</li>
<li data-mce-fragment=""1"">Proin molestie egestas orci ac suscipit risus posuere loremous</li>
</ol>
<br data-mce-fragment=""1"">
<h4 data-mce-fragment=""1"">Sample Paragraph Text</h4>
<p class=""des des_2"" data-mce-fragment=""1"">Nullam quis feugiat libero. Phasellus quis molestie massa. Donec in enim sed ex commodo auctor. Nam sagittis volutpat sollicitudin. Fusce sed erat pulvinar nulla aliquet ullamcorper vel et velit. Aliquam a quam ligula. Sed malesuada pulvinar vulputate. Vivamus pharetra metus nulla, a molestie quam luctus eget. Mauris orci risus, consectetur consequat metus quis, mollis eleifend eros.</p>
<p class=""des des_2"" data-mce-fragment=""1"">Sed quis quam sapien. Quisque convallis est enim, et fermentum massa consectetur non. Nam vel ante tempus, venenatis mi eget, tempus libero. In elementum nisi velit, nec mattis eros laoreet quis. Ut purus lacus, ultricies eget elit sed, tincidunt dapibus ligula. Praesent nisl magna, vehicula quis nulla eu, egestas viverra velit. Aliquam sodales, massa eu aliquam porttitor, urna magna venenatis tellus, eget pellentesque sem eros id ex. Cras convallis lacus sit amet nisl porta, sit amet semper lacus sodales.</p>",Vinova MotorGear,,Motorcycle tire,"Gloves, Goggles, Helmet, Racing",true,Color,Black,Size,13 Inch,,,"",0.0,shopify,150,deny,manual,185.00,225.00,true,true,"",https://cdn.shopify.com/s/files/1/0674/7173/7051/files/14a.png?v=1700636682,1,,false,,,,,,,,,,,,,,https://cdn.shopify.com/s/files/1/0674/7173/7051/files/14a.png?v=1700636682,kg,,,true,,,true,,,active
diablo-rosso™-iii-motorcycle-tyre,,,,,,,,,Black,,14 Inch,,,"",0.0,shopify,160,deny,manual,185.00,230.00,true,true,"",https://cdn.shopify.com/s/files/1/0674/7173/7051/files/14b.png?v=1700636682,2,,,,,,,,,,,,,,,,https://cdn.shopify.com/s/files/1/0674/7173/7051/files/14b.png?v=1700636682,kg,,,,,,,,,
diablo-rosso™-iii-motorcycle-tyre,,,,,,,,,Black,,15 Inch,,,"",0.0,shopify,170,deny,manual,165.00,185.00,true,true,"",https://cdn.shopify.com/s/files/1/0674/7173/7051/files/14c.png?v=1700636682,3,,,,,,,,,,,,,,,,https://cdn.shopify.com/s/files/1/0674/7173/7051/files/14c.png?v=1700636682,kg,,,,,,,,,
diablo-rosso™-iii-motorcycle-tyre,,,,,,,,,Red,,13 Inch,,,"",0.0,shopify,185,deny,manual,185.00,200.00,true,true,"",https://cdn.shopify.com/s/files/1/0674/7173/7051/files/14d.png?v=1700636682,4,,,,,,,,,,,,,,,,https://cdn.shopify.com/s/files/1/0674/7173/7051/files/14d.png?v=1700636682,kg,,,,,,,,,
diablo-rosso™-iii-motorcycle-tyre,,,,,,,,,Red,,14 Inch,,,"",0.0,shopify,130,deny,manual,185.00,230.00,true,true,"",https://cdn.shopify.com/s/files/1/0674/7173/7051/files/14e.png?v=1700636682,5,,,,,,,,,,,,,,,,https://cdn.shopify.com/s/files/1/0674/7173/7051/files/14e.png?v=1700636682,kg,,,,,,,,,
diablo-rosso™-iii-motorcycle-tyre,,,,,,,,,Red,,15 Inch,,,"",0.0,shopify,150,deny,manual,185.00,240.00,true,true,"",,,,,,,,,,,,,,,,,,https://cdn.shopify.com/s/files/1/0674/7173/7051/files/14b.png?v=1700636682,kg,,,,,,,,,
diablo-rosso™-iii-motorcycle-tyre,,,,,,,,,Green,,13 Inch,,,"",0.0,shopify,145,deny,manual,185.00,198.00,true,true,"",,,,,,,,,,,,,,,,,,https://cdn.shopify.com/s/files/1/0674/7173/7051/files/14b.png?v=1700636682,kg,,,,,,,,,
diablo-rosso™-iii-motorcycle-tyre,,,,,,,,,Green,,14 Inch,,,"",0.0,shopify,125,deny,manual,185.00,260.00,true,true,"",,,,,,,,,,,,,,,,,,https://cdn.shopify.com/s/files/1/0674/7173/7051/files/14c.png?v=1700636682,kg,,,,,,,,,
diablo-rosso™-iii-motorcycle-tyre,,,,,,,,,Green,,15 Inch,,,"",0.0,shopify,168,deny,manual,185.00,210.00,true,true,"",,,,,,,,,,,,,,,,,,https://cdn.shopify.com/s/files/1/0674/7173/7051/files/14a.png?v=1700636682,kg,,,,,,,,,
cnc-racing-led-turn-indicators,CNC RACING LED Turn Indicators,"<p class=""des des_1"" data-mce-fragment=""1""><span data-mce-fragment=""1"">IronCaptivate with this shirt’s versatile urban look that works as well at happy hour as it does in the back yard. The real mother of pearl buttons and embroidered crocodile complete its elegant appeal.Lorem ipsum dolor sit amet, consectetuer adipiscing elit. Aenean commodo ligula eget dolor. Aenean massa. Cum sociis natoque penatibus et magnis dis parturient montes, nascetur ridicu lus mus. Donec quam felis, ultri cies nec, pellentesque eu, pretium quis, sem. Nulla consequat massa quis enim.</span></p>
<p class=""des des_1"" data-mce-fragment=""1""> </p>
<h4 data-mce-fragment=""1"">Sample Ordered Lista</h4>
<ol class=""style_type_2"" data-mce-fragment=""1"">
<li data-mce-fragment=""1"">Comodous in tempor ullamcorper miaculis</li>
<li data-mce-fragment=""1"">Pellentesque vitae neque mollis urna mattis laoreet.</li>
<li data-mce-fragment=""1"">Divamus sit amet purus justo.</li>
<li data-mce-fragment=""1"">Proin molestie egestas orci ac suscipit risus posuere loremous</li>
</ol>
<br data-mce-fragment=""1"">
<h4 data-mce-fragment=""1"">Sample Paragraph Text</h4>
<p class=""des des_2"" data-mce-fragment=""1"">Nullam quis feugiat libero. Phasellus quis molestie massa. Donec in enim sed ex commodo auctor. Nam sagittis volutpat sollicitudin. Fusce sed erat pulvinar nulla aliquet ullamcorper vel et velit. Aliquam a quam ligula. Sed malesuada pulvinar vulputate. Vivamus pharetra metus nulla, a molestie quam luctus eget. Mauris orci risus, consectetur consequat metus quis, mollis eleifend eros.</p>
<p class=""des des_2"" data-mce-fragment=""1"">Sed quis quam sapien. Quisque convallis est enim, et fermentum massa consectetur non. Nam vel ante tempus, venenatis mi eget, tempus libero. In elementum nisi velit, nec mattis eros laoreet quis. Ut purus lacus, ultricies eget elit sed, tincidunt dapibus ligula. Praesent nisl magna, vehicula quis nulla eu, egestas viverra velit. Aliquam sodales, massa eu aliquam porttitor, urna magna venenatis tellus, eget pellentesque sem eros id ex. Cras convallis lacus sit amet nisl porta, sit amet semper lacus sodales.</p>",Vinova MotorGear,,LED TURN,"Gloves, Goggles, Helmet, Racing",true,Title,Default Title,,,,,"",0.0,shopify,120,deny,manual,86.00,,true,true,"",https://cdn.shopify.com/s/files/1/0674/7173/7051/files/13a.png?v=1700636514,1,,false,,,,,,,,,,,,,,,kg,,,true,,,true,,,active
cnc-racing-led-turn-indicators,,,,,,,,,,,,,,,,,,,,,,,,,https://cdn.shopify.com/s/files/1/0674/7173/7051/files/13b.png?v=1700636514,2,,,,,,,,,,,,,,,,,,,,,,,,,,
cnc-racing-led-turn-indicators,,,,,,,,,,,,,,,,,,,,,,,,,https://cdn.shopify.com/s/files/1/0674/7173/7051/files/13c.png?v=1700636514,3,,,,,,,,,,,,,,,,,,,,,,,,,,
cnc-racing-led-turn-indicators,,,,,,,,,,,,,,,,,,,,,,,,,https://cdn.shopify.com/s/files/1/0674/7173/7051/files/13d.png?v=1700636514,4,,,,,,,,,,,,,,,,,,,,,,,,,,
cnc-racing-led-turn-indicators,,,,,,,,,,,,,,,,,,,,,,,,,https://cdn.shopify.com/s/files/1/0674/7173/7051/files/13e.png?v=1700636514,5,,,,,,,,,,,,,,,,,,,,,,,,,,
shell-helix-ultra-old-5w-40,Shell HELIX ULTRA Old 5W-40,"<p class=""des des_1"" data-mce-fragment=""1""><span data-mce-fragment=""1"">IronCaptivate with this shirt’s versatile urban look that works as well at happy hour as it does in the back yard. The real mother of pearl buttons and embroidered crocodile complete its elegant appeal.Lorem ipsum dolor sit amet, consectetuer adipiscing elit. Aenean commodo ligula eget dolor. Aenean massa. Cum sociis natoque penatibus et magnis dis parturient montes, nascetur ridicu lus mus. Donec quam felis, ultri cies nec, pellentesque eu, pretium quis, sem. Nulla consequat massa quis enim.</span></p>
<p class=""des des_1"" data-mce-fragment=""1""> </p>
<h4 data-mce-fragment=""1"">Sample Ordered Lista</h4>
<ol class=""style_type_2"" data-mce-fragment=""1"">
<li data-mce-fragment=""1"">Comodous in tempor ullamcorper miaculis</li>
<li data-mce-fragment=""1"">Pellentesque vitae neque mollis urna mattis laoreet.</li>
<li data-mce-fragment=""1"">Divamus sit amet purus justo.</li>
<li data-mce-fragment=""1"">Proin molestie egestas orci ac suscipit risus posuere loremous</li>
</ol>
<br data-mce-fragment=""1"">
<h4 data-mce-fragment=""1"">Sample Paragraph Text</h4>
<p class=""des des_2"" data-mce-fragment=""1"">Nullam quis feugiat libero. Phasellus quis molestie massa. Donec in enim sed ex commodo auctor. Nam sagittis volutpat sollicitudin. Fusce sed erat pulvinar nulla aliquet ullamcorper vel et velit. Aliquam a quam ligula. Sed malesuada pulvinar vulputate. Vivamus pharetra metus nulla, a molestie quam luctus eget. Mauris orci risus, consectetur consequat metus quis, mollis eleifend eros.</p>
<p class=""des des_2"" data-mce-fragment=""1"">Sed quis quam sapien. Quisque convallis est enim, et fermentum massa consectetur non. Nam vel ante tempus, venenatis mi eget, tempus libero. In elementum nisi velit, nec mattis eros laoreet quis. Ut purus lacus, ultricies eget elit sed, tincidunt dapibus ligula. Praesent nisl magna, vehicula quis nulla eu, egestas viverra velit. Aliquam sodales, massa eu aliquam porttitor, urna magna venenatis tellus, eget pellentesque sem eros id ex. Cras convallis lacus sit amet nisl porta, sit amet semper lacus sodales.</p>",Vinova MotorGear,,Engine Oil,"Gloves, Goggles, Helmet, Racing",true,Title,Default Title,,,,,"",0.0,shopify,300,deny,manual,45.00,,true,true,"",https://cdn.shopify.com/s/files/1/0674/7173/7051/files/12a.png?v=1700636365,1,,false,,,,,,,,,,,,,,,kg,,,true,,,true,,,active
shell-helix-ultra-old-5w-40,,,,,,,,,,,,,,,,,,,,,,,,,https://cdn.shopify.com/s/files/1/0674/7173/7051/files/12b.png?v=1700636365,2,,,,,,,,,,,,,,,,,,,,,,,,,,
shell-helix-ultra-old-5w-40,,,,,,,,,,,,,,,,,,,,,,,,,https://cdn.shopify.com/s/files/1/0674/7173/7051/files/12c.png?v=1700636365,3,,,,,,,,,,,,,,,,,,,,,,,,,,
shell-helix-ultra-old-5w-40,,,,,,,,,,,,,,,,,,,,,,,,,https://cdn.shopify.com/s/files/1/0674/7173/7051/files/12d.png?v=1700636365,4,,,,,,,,,,,,,,,,,,,,,,,,,,
shell-helix-ultra-old-5w-40,,,,,,,,,,,,,,,,,,,,,,,,,https://cdn.shopify.com/s/files/1/0674/7173/7051/files/12e.png?v=1700636365,5,,,,,,,,,,,,,,,,,,,,,,,,,,
evs-epic-knees-pad-rated-black,EVS Epic Knees Pad Rated Black,"<p class=""des des_1"" data-mce-fragment=""1""><span data-mce-fragment=""1"">IronCaptivate with this shirt’s versatile urban look that works as well at happy hour as it does in the back yard. The real mother of pearl buttons and embroidered crocodile complete its elegant appeal.Lorem ipsum dolor sit amet, consectetuer adipiscing elit. Aenean commodo ligula eget dolor. Aenean massa. Cum sociis natoque penatibus et magnis dis parturient montes, nascetur ridicu lus mus. Donec quam felis, ultri cies nec, pellentesque eu, pretium quis, sem. Nulla consequat massa quis enim.</span></p>
<p class=""des des_1"" data-mce-fragment=""1""> </p>
<h4 data-mce-fragment=""1"">Sample Ordered Lista</h4>
<ol class=""style_type_2"" data-mce-fragment=""1"">
<li data-mce-fragment=""1"">Comodous in tempor ullamcorper miaculis</li>
<li data-mce-fragment=""1"">Pellentesque vitae neque mollis urna mattis laoreet.</li>
<li data-mce-fragment=""1"">Divamus sit amet purus justo.</li>
<li data-mce-fragment=""1"">Proin molestie egestas orci ac suscipit risus posuere loremous</li>
</ol>
<br data-mce-fragment=""1"">
<h4 data-mce-fragment=""1"">Sample Paragraph Text</h4>
<p class=""des des_2"" data-mce-fragment=""1"">Nullam quis feugiat libero. Phasellus quis molestie massa. Donec in enim sed ex commodo auctor. Nam sagittis volutpat sollicitudin. Fusce sed erat pulvinar nulla aliquet ullamcorper vel et velit. Aliquam a quam ligula. Sed malesuada pulvinar vulputate. Vivamus pharetra metus nulla, a molestie quam luctus eget. Mauris orci risus, consectetur consequat metus quis, mollis eleifend eros.</p>
<p class=""des des_2"" data-mce-fragment=""1"">Sed quis quam sapien. Quisque convallis est enim, et fermentum massa consectetur non. Nam vel ante tempus, venenatis mi eget, tempus libero. In elementum nisi velit, nec mattis eros laoreet quis. Ut purus lacus, ultricies eget elit sed, tincidunt dapibus ligula. Praesent nisl magna, vehicula quis nulla eu, egestas viverra velit. Aliquam sodales, massa eu aliquam porttitor, urna magna venenatis tellus, eget pellentesque sem eros id ex. Cras convallis lacus sit amet nisl porta, sit amet semper lacus sodales.</p>",Vinova MotorGear,,KNEES PAD,"Gloves, Goggles, Helmet, Racing",true,Title,Default Title,,,,,"",0.0,shopify,180,deny,manual,85.00,,true,true,"",https://cdn.shopify.com/s/files/1/0674/7173/7051/files/11a.png?v=1700636177,1,,false,,,,,,,,,,,,,,,kg,,,true,,,true,,,active
evs-epic-knees-pad-rated-black,,,,,,,,,,,,,,,,,,,,,,,,,https://cdn.shopify.com/s/files/1/0674/7173/7051/files/11b.png?v=1700636177,2,,,,,,,,,,,,,,,,,,,,,,,,,,
evs-epic-knees-pad-rated-black,,,,,,,,,,,,,,,,,,,,,,,,,https://cdn.shopify.com/s/files/1/0674/7173/7051/files/11c.png?v=1700636177,3,,,,,,,,,,,,,,,,,,,,,,,,,,
evs-epic-knees-pad-rated-black,,,,,,,,,,,,,,,,,,,,,,,,,https://cdn.shopify.com/s/files/1/0674/7173/7051/files/11d.png?v=1700636177,4,,,,,,,,,,,,,,,,,,,,,,,,,,
evs-epic-knees-pad-rated-black,,,,,,,,,,,,,,,,,,,,,,,,,https://cdn.shopify.com/s/files/1/0674/7173/7051/files/11e.png?v=1700636178,5,,,,,,,,,,,,,,,,,,,,,,,,,,
38-51mm-double-air-outlet-exhaust-muffler,38-51mm Double Air Outlet Exhaust Muffler,"<p class=""des des_1"" data-mce-fragment=""1""><span data-mce-fragment=""1"">IronCaptivate with this shirt’s versatile urban look that works as well at happy hour as it does in the back yard. The real mother of pearl buttons and embroidered crocodile complete its elegant appeal.Lorem ipsum dolor sit amet, consectetuer adipiscing elit. Aenean commodo ligula eget dolor. Aenean massa. Cum sociis natoque penatibus et magnis dis parturient montes, nascetur ridicu lus mus. Donec quam felis, ultri cies nec, pellentesque eu, pretium quis, sem. Nulla consequat massa quis enim.</span></p>
<p class=""des des_1"" data-mce-fragment=""1""> </p>
<h4 data-mce-fragment=""1"">Sample Ordered Lista</h4>
<ol class=""style_type_2"" data-mce-fragment=""1"">
<li data-mce-fragment=""1"">Comodous in tempor ullamcorper miaculis</li>
<li data-mce-fragment=""1"">Pellentesque vitae neque mollis urna mattis laoreet.</li>
<li data-mce-fragment=""1"">Divamus sit amet purus justo.</li>
<li data-mce-fragment=""1"">Proin molestie egestas orci ac suscipit risus posuere loremous</li>
</ol>
<br data-mce-fragment=""1"">
<h4 data-mce-fragment=""1"">Sample Paragraph Text</h4>
<p class=""des des_2"" data-mce-fragment=""1"">Nullam quis feugiat libero. Phasellus quis molestie massa. Donec in enim sed ex commodo auctor. Nam sagittis volutpat sollicitudin. Fusce sed erat pulvinar nulla aliquet ullamcorper vel et velit. Aliquam a quam ligula. Sed malesuada pulvinar vulputate. Vivamus pharetra metus nulla, a molestie quam luctus eget. Mauris orci risus, consectetur consequat metus quis, mollis eleifend eros.</p>
<p class=""des des_2"" data-mce-fragment=""1"">Sed quis quam sapien. Quisque convallis est enim, et fermentum massa consectetur non. Nam vel ante tempus, venenatis mi eget, tempus libero. In elementum nisi velit, nec mattis eros laoreet quis. Ut purus lacus, ultricies eget elit sed, tincidunt dapibus ligula. Praesent nisl magna, vehicula quis nulla eu, egestas viverra velit. Aliquam sodales, massa eu aliquam porttitor, urna magna venenatis tellus, eget pellentesque sem eros id ex. Cras convallis lacus sit amet nisl porta, sit amet semper lacus sodales.</p>",Vinova MotorGear,,Exhaust,"Gloves, Goggles, Helmet, Racing",true,Title,Default Title,,,,,"",0.0,shopify,150,deny,manual,200.00,,true,true,"",https://cdn.shopify.com/s/files/1/0674/7173/7051/files/10a.png?v=1700636018,1,,false,,,,,,,,,,,,,,,kg,,,true,,,true,,,active
38-51mm-double-air-outlet-exhaust-muffler,,,,,,,,,,,,,,,,,,,,,,,,,https://cdn.shopify.com/s/files/1/0674/7173/7051/files/10b.png?v=1700636018,2,,,,,,,,,,,,,,,,,,,,,,,,,,
38-51mm-double-air-outlet-exhaust-muffler,,,,,,,,,,,,,,,,,,,,,,,,,https://cdn.shopify.com/s/files/1/0674/7173/7051/files/10c.png?v=1700636018,3,,,,,,,,,,,,,,,,,,,,,,,,,,
38-51mm-double-air-outlet-exhaust-muffler,,,,,,,,,,,,,,,,,,,,,,,,,https://cdn.shopify.com/s/files/1/0674/7173/7051/files/10d.png?v=1700636018,4,,,,,,,,,,,,,,,,,,,,,,,,,,
38-51mm-double-air-outlet-exhaust-muffler,,,,,,,,,,,,,,,,,,,,,,,,,https://cdn.shopify.com/s/files/1/0674/7173/7051/files/10e.png?v=1700636018,5,,,,,,,,,,,,,,,,,,,,,,,,,,
brake-clutch-cable-clutch-lever,Brake Clutch Cable Clutch Lever,"<p class=""des des_1"" data-mce-fragment=""1""><span data-mce-fragment=""1"">IronCaptivate with this shirt’s versatile urban look that works as well at happy hour as it does in the back yard. The real mother of pearl buttons and embroidered crocodile complete its elegant appeal.Lorem ipsum dolor sit amet, consectetuer adipiscing elit. Aenean commodo ligula eget dolor. Aenean massa. Cum sociis natoque penatibus et magnis dis parturient montes, nascetur ridicu lus mus. Donec quam felis, ultri cies nec, pellentesque eu, pretium quis, sem. Nulla consequat massa quis enim.</span></p>
<p class=""des des_1"" data-mce-fragment=""1""> </p>
<h4 data-mce-fragment=""1"">Sample Ordered Lista</h4>
<ol class=""style_type_2"" data-mce-fragment=""1"">
<li data-mce-fragment=""1"">Comodous in tempor ullamcorper miaculis</li>
<li data-mce-fragment=""1"">Pellentesque vitae neque mollis urna mattis laoreet.</li>
<li data-mce-fragment=""1"">Divamus sit amet purus justo.</li>
<li data-mce-fragment=""1"">Proin molestie egestas orci ac suscipit risus posuere loremous</li>
</ol>
<br data-mce-fragment=""1"">
<h4 data-mce-fragment=""1"">Sample Paragraph Text</h4>
<p class=""des des_2"" data-mce-fragment=""1"">Nullam quis feugiat libero. Phasellus quis molestie massa. Donec in enim sed ex commodo auctor. Nam sagittis volutpat sollicitudin. Fusce sed erat pulvinar nulla aliquet ullamcorper vel et velit. Aliquam a quam ligula. Sed malesuada pulvinar vulputate. Vivamus pharetra metus nulla, a molestie quam luctus eget. Mauris orci risus, consectetur consequat metus quis, mollis eleifend eros.</p>
<p class=""des des_2"" data-mce-fragment=""1"">Sed quis quam sapien. Quisque convallis est enim, et fermentum massa consectetur non. Nam vel ante tempus, venenatis mi eget, tempus libero. In elementum nisi velit, nec mattis eros laoreet quis. Ut purus lacus, ultricies eget elit sed, tincidunt dapibus ligula. Praesent nisl magna, vehicula quis nulla eu, egestas viverra velit. Aliquam sodales, massa eu aliquam porttitor, urna magna venenatis tellus, eget pellentesque sem eros id ex. Cras convallis lacus sit amet nisl porta, sit amet semper lacus sodales.</p>",Vinova MotorGear,,Brake,"Gloves, Goggles, Helmet, Racing",true,Title,Default Title,,,,,"",0.0,shopify,65,deny,manual,150.00,,true,true,"",https://cdn.shopify.com/s/files/1/0674/7173/7051/files/9a.png?v=1700635880,1,,false,,,,,,,,,,,,,,,kg,,,true,,,true,,,active
brake-clutch-cable-clutch-lever,,,,,,,,,,,,,,,,,,,,,,,,,https://cdn.shopify.com/s/files/1/0674/7173/7051/files/9b.png?v=1700635880,2,,,,,,,,,,,,,,,,,,,,,,,,,,
brake-clutch-cable-clutch-lever,,,,,,,,,,,,,,,,,,,,,,,,,https://cdn.shopify.com/s/files/1/0674/7173/7051/files/9c.png?v=1700635880,3,,,,,,,,,,,,,,,,,,,,,,,,,,
brake-clutch-cable-clutch-lever,,,,,,,,,,,,,,,,,,,,,,,,,https://cdn.shopify.com/s/files/1/0674/7173/7051/files/9d.png?v=1700635880,4,,,,,,,,,,,,,,,,,,,,,,,,,,
brake-clutch-cable-clutch-lever,,,,,,,,,,,,,,,,,,,,,,,,,https://cdn.shopify.com/s/files/1/0674/7173/7051/files/9e.png?v=1700635880,5,,,,,,,,,,,,,,,,,,,,,,,,,,
fox-protection-jacket-baseframe-1,Fox Protection Jacket Baseframe,"<p class=""des des_1"" data-mce-fragment=""1""><span data-mce-fragment=""1"">IronCaptivate with this shirt’s versatile urban look that works as well at happy hour as it does in the back yard. The real mother of pearl buttons and embroidered crocodile complete its elegant appeal.Lorem ipsum dolor sit amet, consectetuer adipiscing elit. Aenean commodo ligula eget dolor. Aenean massa. Cum sociis natoque penatibus et magnis dis parturient montes, nascetur ridicu lus mus. Donec quam felis, ultri cies nec, pellentesque eu, pretium quis, sem. Nulla consequat massa quis enim.</span></p>
<p class=""des des_1"" data-mce-fragment=""1""> </p>
<h4 data-mce-fragment=""1"">Sample Ordered Lista</h4>
<ol class=""style_type_2"" data-mce-fragment=""1"">
<li data-mce-fragment=""1"">Comodous in tempor ullamcorper miaculis</li>
<li data-mce-fragment=""1"">Pellentesque vitae neque mollis urna mattis laoreet.</li>
<li data-mce-fragment=""1"">Divamus sit amet purus justo.</li>
<li data-mce-fragment=""1"">Proin molestie egestas orci ac suscipit risus posuere loremous</li>
</ol>
<br data-mce-fragment=""1"">
<h4 data-mce-fragment=""1"">Sample Paragraph Text</h4>
<p class=""des des_2"" data-mce-fragment=""1"">Nullam quis feugiat libero. Phasellus quis molestie massa. Donec in enim sed ex commodo auctor. Nam sagittis volutpat sollicitudin. Fusce sed erat pulvinar nulla aliquet ullamcorper vel et velit. Aliquam a quam ligula. Sed malesuada pulvinar vulputate. Vivamus pharetra metus nulla, a molestie quam luctus eget. Mauris orci risus, consectetur consequat metus quis, mollis eleifend eros.</p>
<p class=""des des_2"" data-mce-fragment=""1"">Sed quis quam sapien. Quisque convallis est enim, et fermentum massa consectetur non. Nam vel ante tempus, venenatis mi eget, tempus libero. In elementum nisi velit, nec mattis eros laoreet quis. Ut purus lacus, ultricies eget elit sed, tincidunt dapibus ligula. Praesent nisl magna, vehicula quis nulla eu, egestas viverra velit. Aliquam sodales, massa eu aliquam porttitor, urna magna venenatis tellus, eget pellentesque sem eros id ex. Cras convallis lacus sit amet nisl porta, sit amet semper lacus sodales.</p>",Vinova MotorGear,,Protective jacket,"Gloves, Goggles, Helmet, Jacket",true,Title,Default Title,,,,,"",0.0,shopify,25,deny,manual,250.00,280.00,true,true,"",https://cdn.shopify.com/s/files/1/0674/7173/7051/files/8a.png?v=1700635730,1,,false,,,,,,,,,,,,,,,kg,,,true,,,true,,,active
fox-protection-jacket-baseframe-1,,,,,,,,,,,,,,,,,,,,,,,,,https://cdn.shopify.com/s/files/1/0674/7173/7051/files/8b.png?v=1700635730,2,,,,,,,,,,,,,,,,,,,,,,,,,,
fox-protection-jacket-baseframe-1,,,,,,,,,,,,,,,,,,,,,,,,,https://cdn.shopify.com/s/files/1/0674/7173/7051/files/8c.png?v=1700635730,3,,,,,,,,,,,,,,,,,,,,,,,,,,
fox-protection-jacket-baseframe-1,,,,,,,,,,,,,,,,,,,,,,,,,https://cdn.shopify.com/s/files/1/0674/7173/7051/files/8d.png?v=1700635730,4,,,,,,,,,,,,,,,,,,,,,,,,,,
fox-protection-jacket-baseframe-1,,,,,,,,,,,,,,,,,,,,,,,,,https://cdn.shopify.com/s/files/1/0674/7173/7051/files/8e.png?v=1700635730,5,,,,,,,,,,,,,,,,,,,,,,,,,,
sports-foreheadband-black,Sports foreheadband - Black,"<p class=""des des_1"" data-mce-fragment=""1""><span data-mce-fragment=""1"">IronCaptivate with this shirt’s versatile urban look that works as well at happy hour as it does in the back yard. The real mother of pearl buttons and embroidered crocodile complete its elegant appeal.Lorem ipsum dolor sit amet, consectetuer adipiscing elit. Aenean commodo ligula eget dolor. Aenean massa. Cum sociis natoque penatibus et magnis dis parturient montes, nascetur ridicu lus mus. Donec quam felis, ultri cies nec, pellentesque eu, pretium quis, sem. Nulla consequat massa quis enim.</span></p>
<p class=""des des_1"" data-mce-fragment=""1""> </p>
<h4 data-mce-fragment=""1"">Sample Ordered Lista</h4>
<ol class=""style_type_2"" data-mce-fragment=""1"">
<li data-mce-fragment=""1"">Comodous in tempor ullamcorper miaculis</li>
<li data-mce-fragment=""1"">Pellentesque vitae neque mollis urna mattis laoreet.</li>
<li data-mce-fragment=""1"">Divamus sit amet purus justo.</li>
<li data-mce-fragment=""1"">Proin molestie egestas orci ac suscipit risus posuere loremous</li>
</ol>
<br data-mce-fragment=""1"">
<h4 data-mce-fragment=""1"">Sample Paragraph Text</h4>
<p class=""des des_2"" data-mce-fragment=""1"">Nullam quis feugiat libero. Phasellus quis molestie massa. Donec in enim sed ex commodo auctor. Nam sagittis volutpat sollicitudin. Fusce sed erat pulvinar nulla aliquet ullamcorper vel et velit. Aliquam a quam ligula. Sed malesuada pulvinar vulputate. Vivamus pharetra metus nulla, a molestie quam luctus eget. Mauris orci risus, consectetur consequat metus quis, mollis eleifend eros.</p>
<p class=""des des_2"" data-mce-fragment=""1"">Sed quis quam sapien. Quisque convallis est enim, et fermentum massa consectetur non. Nam vel ante tempus, venenatis mi eget, tempus libero. In elementum nisi velit, nec mattis eros laoreet quis. Ut purus lacus, ultricies eget elit sed, tincidunt dapibus ligula. Praesent nisl magna, vehicula quis nulla eu, egestas viverra velit. Aliquam sodales, massa eu aliquam porttitor, urna magna venenatis tellus, eget pellentesque sem eros id ex. Cras convallis lacus sit amet nisl porta, sit amet semper lacus sodales.</p>",Vinova MotorGear,,GLOVES,"Gloves, Goggles, Helmet",true,Title,Default Title,,,,,"",0.0,shopify,130,deny,manual,20.00,,true,true,"",https://cdn.shopify.com/s/files/1/0674/7173/7051/files/7a.png?v=1700635533,1,,false,,,,,,,,,,,,,,,kg,,,true,,,true,,,active
sports-foreheadband-black,,,,,,,,,,,,,,,,,,,,,,,,,https://cdn.shopify.com/s/files/1/0674/7173/7051/files/7b.png?v=1700635534,2,,,,,,,,,,,,,,,,,,,,,,,,,,
sports-foreheadband-black,,,,,,,,,,,,,,,,,,,,,,,,,https://cdn.shopify.com/s/files/1/0674/7173/7051/files/7c.png?v=1700635534,3,,,,,,,,,,,,,,,,,,,,,,,,,,
sports-foreheadband-black,,,,,,,,,,,,,,,,,,,,,,,,,https://cdn.shopify.com/s/files/1/0674/7173/7051/files/7d.png?v=1700635534,4,,,,,,,,,,,,,,,,,,,,,,,,,,
sports-foreheadband-black,,,,,,,,,,,,,,,,,,,,,,,,,https://cdn.shopify.com/s/files/1/0674/7173/7051/files/7e.png?v=1700635534,5,,,,,,,,,,,,,,,,,,,,,,,,,,
lelinta-snow-ski-goggles-anti,Lelinta Snow Ski Goggles Anti,"<p class=""des des_1"" data-mce-fragment=""1""><span data-mce-fragment=""1"">IronCaptivate with this shirt’s versatile urban look that works as well at happy hour as it does in the back yard. The real mother of pearl buttons and embroidered crocodile complete its elegant appeal.Lorem ipsum dolor sit amet, consectetuer adipiscing elit. Aenean commodo ligula eget dolor. Aenean massa. Cum sociis natoque penatibus et magnis dis parturient montes, nascetur ridicu lus mus. Donec quam felis, ultri cies nec, pellentesque eu, pretium quis, sem. Nulla consequat massa quis enim.</span></p>
<p class=""des des_1"" data-mce-fragment=""1""> </p>
<h4 data-mce-fragment=""1"">Sample Ordered Lista</h4>
<ol class=""style_type_2"" data-mce-fragment=""1"">
<li data-mce-fragment=""1"">Comodous in tempor ullamcorper miaculis</li>
<li data-mce-fragment=""1"">Pellentesque vitae neque mollis urna mattis laoreet.</li>
<li data-mce-fragment=""1"">Divamus sit amet purus justo.</li>
<li data-mce-fragment=""1"">Proin molestie egestas orci ac suscipit risus posuere loremous</li>
</ol>
<br data-mce-fragment=""1"">
<h4 data-mce-fragment=""1"">Sample Paragraph Text</h4>
<p class=""des des_2"" data-mce-fragment=""1"">Nullam quis feugiat libero. Phasellus quis molestie massa. Donec in enim sed ex commodo auctor. Nam sagittis volutpat sollicitudin. Fusce sed erat pulvinar nulla aliquet ullamcorper vel et velit. Aliquam a quam ligula. Sed malesuada pulvinar vulputate. Vivamus pharetra metus nulla, a molestie quam luctus eget. Mauris orci risus, consectetur consequat metus quis, mollis eleifend eros.</p>
<p class=""des des_2"" data-mce-fragment=""1"">Sed quis quam sapien. Quisque convallis est enim, et fermentum massa consectetur non. Nam vel ante tempus, venenatis mi eget, tempus libero. In elementum nisi velit, nec mattis eros laoreet quis. Ut purus lacus, ultricies eget elit sed, tincidunt dapibus ligula. Praesent nisl magna, vehicula quis nulla eu, egestas viverra velit. Aliquam sodales, massa eu aliquam porttitor, urna magna venenatis tellus, eget pellentesque sem eros id ex. Cras convallis lacus sit amet nisl porta, sit amet semper lacus sodales.</p>",Vinova MotorGear,,Protective goggles,"Gloves, Goggles, Helmet, Racing",true,Title,Default Title,,,,,"",0.0,shopify,120,deny,manual,40.00,,true,true,"",https://cdn.shopify.com/s/files/1/0674/7173/7051/files/6a.png?v=1700629288,1,,false,,,,,,,,,,,,,,,kg,,,true,,,true,,,active
star-cobalt-umpire-shin-guards,Star Cobalt Umpire Shin Guards,"<p class=""des des_1"" data-mce-fragment=""1""><span data-mce-fragment=""1"">IronCaptivate with this shirt’s versatile urban look that works as well at happy hour as it does in the back yard. The real mother of pearl buttons and embroidered crocodile complete its elegant appeal.Lorem ipsum dolor sit amet, consectetuer adipiscing elit. Aenean commodo ligula eget dolor. Aenean massa. Cum sociis natoque penatibus et magnis dis parturient montes, nascetur ridicu lus mus. Donec quam felis, ultri cies nec, pellentesque eu, pretium quis, sem. Nulla consequat massa quis enim.</span></p>
<p class=""des des_1"" data-mce-fragment=""1""> </p>
<h4 data-mce-fragment=""1"">Sample Ordered Lista</h4>
<ol class=""style_type_2"" data-mce-fragment=""1"">
<li data-mce-fragment=""1"">Comodous in tempor ullamcorper miaculis</li>
<li data-mce-fragment=""1"">Pellentesque vitae neque mollis urna mattis laoreet.</li>
<li data-mce-fragment=""1"">Divamus sit amet purus justo.</li>
<li data-mce-fragment=""1"">Proin molestie egestas orci ac suscipit risus posuere loremous</li>
</ol>
<br data-mce-fragment=""1"">
<h4 data-mce-fragment=""1"">Sample Paragraph Text</h4>
<p class=""des des_2"" data-mce-fragment=""1"">Nullam quis feugiat libero. Phasellus quis molestie massa. Donec in enim sed ex commodo auctor. Nam sagittis volutpat sollicitudin. Fusce sed erat pulvinar nulla aliquet ullamcorper vel et velit. Aliquam a quam ligula. Sed malesuada pulvinar vulputate. Vivamus pharetra metus nulla, a molestie quam luctus eget. Mauris orci risus, consectetur consequat metus quis, mollis eleifend eros.</p>
<p class=""des des_2"" data-mce-fragment=""1"">Sed quis quam sapien. Quisque convallis est enim, et fermentum massa consectetur non. Nam vel ante tempus, venenatis mi eget, tempus libero. In elementum nisi velit, nec mattis eros laoreet quis. Ut purus lacus, ultricies eget elit sed, tincidunt dapibus ligula. Praesent nisl magna, vehicula quis nulla eu, egestas viverra velit. Aliquam sodales, massa eu aliquam porttitor, urna magna venenatis tellus, eget pellentesque sem eros id ex. Cras convallis lacus sit amet nisl porta, sit amet semper lacus sodales.</p>",Vinova MotorGear,,GLOVES,"Gloves, Helmet, Racing",true,Title,Default Title,,,,,"",0.0,shopify,200,deny,manual,120.00,140.00,true,true,"",https://cdn.shopify.com/s/files/1/0674/7173/7051/files/5a.png?v=1700629160,1,,false,,,,,,,,,,,,,,,kg,,,true,,,true,,,active
star-cobalt-umpire-shin-guards,,,,,,,,,,,,,,,,,,,,,,,,,https://cdn.shopify.com/s/files/1/0674/7173/7051/files/5b.png?v=1700629160,2,,,,,,,,,,,,,,,,,,,,,,,,,,
star-cobalt-umpire-shin-guards,,,,,,,,,,,,,,,,,,,,,,,,,https://cdn.shopify.com/s/files/1/0674/7173/7051/files/5c.png?v=1700629160,3,,,,,,,,,,,,,,,,,,,,,,,,,,
star-cobalt-umpire-shin-guards,,,,,,,,,,,,,,,,,,,,,,,,,https://cdn.shopify.com/s/files/1/0674/7173/7051/files/5d.png?v=1700629160,4,,,,,,,,,,,,,,,,,,,,,,,,,,
star-cobalt-umpire-shin-guards,,,,,,,,,,,,,,,,,,,,,,,,,https://cdn.shopify.com/s/files/1/0674/7173/7051/files/5e.png?v=1700629160,5,,,,,,,,,,,,,,,,,,,,,,,,,,
motorcycle-helmet-byt-718-brammo,Motorcycle Helmet BYT-718 BRAMMO,"<p class=""des des_1"" data-mce-fragment=""1""><span data-mce-fragment=""1"">IronCaptivate with this shirt’s versatile urban look that works as well at happy hour as it does in the back yard. The real mother of pearl buttons and embroidered crocodile complete its elegant appeal.Lorem ipsum dolor sit amet, consectetuer adipiscing elit. Aenean commodo ligula eget dolor. Aenean massa. Cum sociis natoque penatibus et magnis dis parturient montes, nascetur ridicu lus mus. Donec quam felis, ultri cies nec, pellentesque eu, pretium quis, sem. Nulla consequat massa quis enim.</span></p>
<p class=""des des_1"" data-mce-fragment=""1""> </p>
<h4 data-mce-fragment=""1"">Sample Ordered Lista</h4>
<ol class=""style_type_2"" data-mce-fragment=""1"">
<li data-mce-fragment=""1"">Comodous in tempor ullamcorper miaculis</li>
<li data-mce-fragment=""1"">Pellentesque vitae neque mollis urna mattis laoreet.</li>
<li data-mce-fragment=""1"">Divamus sit amet purus justo.</li>
<li data-mce-fragment=""1"">Proin molestie egestas orci ac suscipit risus posuere loremous</li>
</ol>
<br data-mce-fragment=""1"">
<h4 data-mce-fragment=""1"">Sample Paragraph Text</h4>
<p class=""des des_2"" data-mce-fragment=""1"">Nullam quis feugiat libero. Phasellus quis molestie massa. Donec in enim sed ex commodo auctor. Nam sagittis volutpat sollicitudin. Fusce sed erat pulvinar nulla aliquet ullamcorper vel et velit. Aliquam a quam ligula. Sed malesuada pulvinar vulputate. Vivamus pharetra metus nulla, a molestie quam luctus eget. Mauris orci risus, consectetur consequat metus quis, mollis eleifend eros.</p>
<p class=""des des_2"" data-mce-fragment=""1"">Sed quis quam sapien. Quisque convallis est enim, et fermentum massa consectetur non. Nam vel ante tempus, venenatis mi eget, tempus libero. In elementum nisi velit, nec mattis eros laoreet quis. Ut purus lacus, ultricies eget elit sed, tincidunt dapibus ligula. Praesent nisl magna, vehicula quis nulla eu, egestas viverra velit. Aliquam sodales, massa eu aliquam porttitor, urna magna venenatis tellus, eget pellentesque sem eros id ex. Cras convallis lacus sit amet nisl porta, sit amet semper lacus sodales.</p>",Vinova MotorGear,,HELMET,"BOOTS, Gloves, Helmet, Racing",true,Title,Default Title,,,,,"",0.0,shopify,250,deny,manual,68.00,92.00,true,true,"",https://cdn.shopify.com/s/files/1/0674/7173/7051/files/4a.png?v=1700628879,1,,false,,,,,,,,,,,,,,,kg,,,true,,,true,,,active
motorcycle-helmet-byt-718-brammo,,,,,,,,,,,,,,,,,,,,,,,,,https://cdn.shopify.com/s/files/1/0674/7173/7051/files/4b.png?v=1700628879,2,,,,,,,,,,,,,,,,,,,,,,,,,,
motorcycle-helmet-byt-718-brammo,,,,,,,,,,,,,,,,,,,,,,,,,https://cdn.shopify.com/s/files/1/0674/7173/7051/files/4c.png?v=1700628879,3,,,,,,,,,,,,,,,,,,,,,,,,,,
motorcycle-helmet-byt-718-brammo,,,,,,,,,,,,,,,,,,,,,,,,,https://cdn.shopify.com/s/files/1/0674/7173/7051/files/4d.png?v=1700628879,4,,,,,,,,,,,,,,,,,,,,,,,,,,
motorcycle-helmet-byt-718-brammo,,,,,,,,,,,,,,,,,,,,,,,,,https://cdn.shopify.com/s/files/1/0674/7173/7051/files/4e.png?v=1700628879,5,,,,,,,,,,,,,,,,,,,,,,,,,,
fox-protection-jacket-baseframe,Fox Protection Jacket Baseframe,"<p class=""des des_1"" data-mce-fragment=""1""><span data-mce-fragment=""1"">IronCaptivate with this shirt’s versatile urban look that works as well at happy hour as it does in the back yard. The real mother of pearl buttons and embroidered crocodile complete its elegant appeal.Lorem ipsum dolor sit amet, consectetuer adipiscing elit. Aenean commodo ligula eget dolor. Aenean massa. Cum sociis natoque penatibus et magnis dis parturient montes, nascetur ridicu lus mus. Donec quam felis, ultri cies nec, pellentesque eu, pretium quis, sem. Nulla consequat massa quis enim.</span></p>
<p class=""des des_1"" data-mce-fragment=""1""> </p>
<h4 data-mce-fragment=""1"">Sample Ordered Lista</h4>
<ol class=""style_type_2"" data-mce-fragment=""1"">
<li data-mce-fragment=""1"">Comodous in tempor ullamcorper miaculis</li>
<li data-mce-fragment=""1"">Pellentesque vitae neque mollis urna mattis laoreet.</li>
<li data-mce-fragment=""1"">Divamus sit amet purus justo.</li>
<li data-mce-fragment=""1"">Proin molestie egestas orci ac suscipit risus posuere loremous</li>
</ol>
<br data-mce-fragment=""1"">
<h4 data-mce-fragment=""1"">Sample Paragraph Text</h4>
<p class=""des des_2"" data-mce-fragment=""1"">Nullam quis feugiat libero. Phasellus quis molestie massa. Donec in enim sed ex commodo auctor. Nam sagittis volutpat sollicitudin. Fusce sed erat pulvinar nulla aliquet ullamcorper vel et velit. Aliquam a quam ligula. Sed malesuada pulvinar vulputate. Vivamus pharetra metus nulla, a molestie quam luctus eget. Mauris orci risus, consectetur consequat metus quis, mollis eleifend eros.</p>
<p class=""des des_2"" data-mce-fragment=""1"">Sed quis quam sapien. Quisque convallis est enim, et fermentum massa consectetur non. Nam vel ante tempus, venenatis mi eget, tempus libero. In elementum nisi velit, nec mattis eros laoreet quis. Ut purus lacus, ultricies eget elit sed, tincidunt dapibus ligula. Praesent nisl magna, vehicula quis nulla eu, egestas viverra velit. Aliquam sodales, massa eu aliquam porttitor, urna magna venenatis tellus, eget pellentesque sem eros id ex. Cras convallis lacus sit amet nisl porta, sit amet semper lacus sodales.</p>",Vinova MotorGear,,Protective jacket,"BOOTS, Gloves, Helmet",true,Size,M,Color,Black,,,"",0.0,shopify,100,deny,manual,152.48,165.00,true,true,"",https://cdn.shopify.com/s/files/1/0674/7173/7051/files/3a.png?v=1700628689,1,,false,,,,,,,,,,,,,,,kg,,,true,,,true,,,active
fox-protection-jacket-baseframe,,,,,,,,,M,,Red,,,"",0.0,shopify,0,deny,manual,152.48,165.00,true,true,"",https://cdn.shopify.com/s/files/1/0674/7173/7051/files/3b.png?v=1700628689,2,,,,,,,,,,,,,,,,,kg,,,,,,,,,
fox-protection-jacket-baseframe,,,,,,,,,M,,Yellow,,,"",0.0,shopify,0,deny,manual,152.48,165.00,true,true,"",https://cdn.shopify.com/s/files/1/0674/7173/7051/files/3c.png?v=1700628689,3,,,,,,,,,,,,,,,,,kg,,,,,,,,,
fox-protection-jacket-baseframe,,,,,,,,,L,,Black,,,"",0.0,shopify,0,deny,manual,152.48,165.00,true,true,"",https://cdn.shopify.com/s/files/1/0674/7173/7051/files/3d.png?v=1700628689,4,,,,,,,,,,,,,,,,,kg,,,,,,,,,
fox-protection-jacket-baseframe,,,,,,,,,L,,Red,,,"",0.0,shopify,0,deny,manual,152.48,165.00,true,true,"",https://cdn.shopify.com/s/files/1/0674/7173/7051/files/3e.png?v=1700628689,5,,,,,,,,,,,,,,,,,kg,,,,,,,,,
fox-protection-jacket-baseframe,,,,,,,,,L,,Yellow,,,"",0.0,shopify,0,deny,manual,152.48,165.00,true,true,"",,,,,,,,,,,,,,,,,,,kg,,,,,,,,,
fox-protection-jacket-baseframe,,,,,,,,,XL,,Black,,,"",0.0,shopify,0,deny,manual,152.48,165.00,true,true,"",,,,,,,,,,,,,,,,,,,kg,,,,,,,,,
fox-protection-jacket-baseframe,,,,,,,,,XL,,Red,,,"",0.0,shopify,0,deny,manual,152.48,165.00,true,true,"",,,,,,,,,,,,,,,,,,,kg,,,,,,,,,
fox-protection-jacket-baseframe,,,,,,,,,XL,,Yellow,,,"",0.0,shopify,0,deny,manual,152.48,165.00,true,true,"",,,,,,,,,,,,,,,,,,,kg,,,,,,,,,
gloves-red-black-for-man,Gloves Red Black For Man,"<p class=""des des_1"" data-mce-fragment=""1""><span data-mce-fragment=""1"">IronCaptivate with this shirt’s versatile urban look that works as well at happy hour as it does in the back yard. The real mother of pearl buttons and embroidered crocodile complete its elegant appeal.Lorem ipsum dolor sit amet, consectetuer adipiscing elit. Aenean commodo ligula eget dolor. Aenean massa. Cum sociis natoque penatibus et magnis dis parturient montes, nascetur ridicu lus mus. Donec quam felis, ultri cies nec, pellentesque eu, pretium quis, sem. Nulla consequat massa quis enim.</span></p>
<p class=""des des_1"" data-mce-fragment=""1""> </p>
<h4 data-mce-fragment=""1"">Sample Ordered Lista</h4>
<ol class=""style_type_2"" data-mce-fragment=""1"">
<li data-mce-fragment=""1"">Comodous in tempor ullamcorper miaculis</li>
<li data-mce-fragment=""1"">Pellentesque vitae neque mollis urna mattis laoreet.</li>
<li data-mce-fragment=""1"">Divamus sit amet purus justo.</li>
<li data-mce-fragment=""1"">Proin molestie egestas orci ac suscipit risus posuere loremous</li>
</ol>
<br data-mce-fragment=""1"">
<h4 data-mce-fragment=""1"">Sample Paragraph Text</h4>
<p class=""des des_2"" data-mce-fragment=""1"">Nullam quis feugiat libero. Phasellus quis molestie massa. Donec in enim sed ex commodo auctor. Nam sagittis volutpat sollicitudin. Fusce sed erat pulvinar nulla aliquet ullamcorper vel et velit. Aliquam a quam ligula. Sed malesuada pulvinar vulputate. Vivamus pharetra metus nulla, a molestie quam luctus eget. Mauris orci risus, consectetur consequat metus quis, mollis eleifend eros.</p>
<p class=""des des_2"" data-mce-fragment=""1"">Sed quis quam sapien. Quisque convallis est enim, et fermentum massa consectetur non. Nam vel ante tempus, venenatis mi eget, tempus libero. In elementum nisi velit, nec mattis eros laoreet quis. Ut purus lacus, ultricies eget elit sed, tincidunt dapibus ligula. Praesent nisl magna, vehicula quis nulla eu, egestas viverra velit. Aliquam sodales, massa eu aliquam porttitor, urna magna venenatis tellus, eget pellentesque sem eros id ex. Cras convallis lacus sit amet nisl porta, sit amet semper lacus sodales.</p>",Vinova MotorGear,,GLOVES,"Gloves, Helmet, Racing",true,Title,Default Title,,,,,"",0.0,shopify,100,continue,manual,78.00,95.00,true,true,"",https://cdn.shopify.com/s/files/1/0674/7173/7051/files/2a.png?v=1700628389,1,,false,,,,,,,,,,,,,,,kg,,,true,,,true,,,active
gloves-red-black-for-man,,,,,,,,,,,,,,,,,,,,,,,,,https://cdn.shopify.com/s/files/1/0674/7173/7051/files/2b.png?v=1700628389,2,,,,,,,,,,,,,,,,,,,,,,,,,,
gloves-red-black-for-man,,,,,,,,,,,,,,,,,,,,,,,,,https://cdn.shopify.com/s/files/1/0674/7173/7051/files/2c.png?v=1700628389,3,,,,,,,,,,,,,,,,,,,,,,,,,,
gloves-red-black-for-man,,,,,,,,,,,,,,,,,,,,,,,,,https://cdn.shopify.com/s/files/1/0674/7173/7051/files/2d.png?v=1700628389,4,,,,,,,,,,,,,,,,,,,,,,,,,,
gloves-red-black-for-man,,,,,,,,,,,,,,,,,,,,,,,,,https://cdn.shopify.com/s/files/1/0674/7173/7051/files/2e.png?v=1700628389,5,,,,,,,,,,,,,,,,,,,,,,,,,,
fox-racing-instinct-boots-black,Fox Racing Instinct Boots - Black,"<p data-mce-fragment=""1"" class=""des des_1""><span data-mce-fragment=""1"">IronCaptivate with this shirt’s versatile urban look that works as well at happy hour as it does in the back yard. The real mother of pearl buttons and embroidered crocodile complete its elegant appeal.Lorem ipsum dolor sit amet, consectetuer adipiscing elit. Aenean commodo ligula eget dolor. Aenean massa. Cum sociis natoque penatibus et magnis dis parturient montes, nascetur ridicu lus mus. Donec quam felis, ultri cies nec, pellentesque eu, pretium quis, sem. Nulla consequat massa quis enim.</span></p>
<p data-mce-fragment=""1"" class=""des des_1""> </p>
<h4 data-mce-fragment=""1"">Sample Ordered Lista</h4>
<ol data-mce-fragment=""1"" class=""style_type_2"">
<li data-mce-fragment=""1"">Comodous in tempor ullamcorper miaculis</li>
<li data-mce-fragment=""1"">Pellentesque vitae neque mollis urna mattis laoreet.</li>
<li data-mce-fragment=""1"">Divamus sit amet purus justo.</li>
<li data-mce-fragment=""1"">Proin molestie egestas orci ac suscipit risus posuere loremous</li>
</ol>
<br data-mce-fragment=""1"">
<h4 data-mce-fragment=""1"">Sample Paragraph Text</h4>
<p data-mce-fragment=""1"" class=""des des_2"">Nullam quis feugiat libero. Phasellus quis molestie massa. Donec in enim sed ex commodo auctor. Nam sagittis volutpat sollicitudin. Fusce sed erat pulvinar nulla aliquet ullamcorper vel et velit. Aliquam a quam ligula. Sed malesuada pulvinar vulputate. Vivamus pharetra metus nulla, a molestie quam luctus eget. Mauris orci risus, consectetur consequat metus quis, mollis eleifend eros.</p>
<p data-mce-fragment=""1"" class=""des des_2"">Sed quis quam sapien. Quisque convallis est enim, et fermentum massa consectetur non. Nam vel ante tempus, venenatis mi eget, tempus libero. In elementum nisi velit, nec mattis eros laoreet quis. Ut purus lacus, ultricies eget elit sed, tincidunt dapibus ligula. Praesent nisl magna, vehicula quis nulla eu, egestas viverra velit. Aliquam sodales, massa eu aliquam porttitor, urna magna venenatis tellus, eget pellentesque sem eros id ex. Cras convallis lacus sit amet nisl porta, sit amet semper lacus sodales.</p>",Vinova MotorGear,,BOOTS,"BOOTS, Helmet, Racing",true,Title,Default Title,,,,,"",0.0,shopify,100,deny,manual,92.25,132.00,true,true,"",https://cdn.shopify.com/s/files/1/0674/7173/7051/files/1a.png?v=1700627911,1,,false,,,,,,,,,,,,,,,kg,,55.35,true,,,true,,,active
fox-racing-instinct-boots-black,,,,,,,,,,,,,,,,,,,,,,,,,https://cdn.shopify.com/s/files/1/0674/7173/7051/files/1b.png?v=1700627917,2,,,,,,,,,,,,,,,,,,,,,,,,,,
fox-racing-instinct-boots-black,,,,,,,,,,,,,,,,,,,,,,,,,https://cdn.shopify.com/s/files/1/0674/7173/7051/files/1c.png?v=1700627918,3,,,,,,,,,,,,,,,,,,,,,,,,,,
fox-racing-instinct-boots-black,,,,,,,,,,,,,,,,,,,,,,,,,https://cdn.shopify.com/s/files/1/0674/7173/7051/files/1d.png?v=1700627918,4,,,,,,,,,,,,,,,,,,,,,,,,,,
fox-racing-instinct-boots-black,,,,,,,,,,,,,,,,,,,,,,,,,https://cdn.shopify.com/s/files/1/0674/7173/7051/files/1e.png?v=1700627918,5,,,,,,,,,,,,,,,,,,,,,,,,,,
